index;node;mc;mc_heat;g_max;eta;plant_type;storage_power;storage_capacity
G0090;ES00157;64.022;0.0;50.0;1.0;Biomass;0.0;0.0
G0190;ES00287;64.022;0.0;38.0;1.0;Biomass;0.0;0.0
G0315;ES00399;64.022;0.0;50.0;1.0;Biomass;0.0;0.0
G0443;ES00553;64.022;0.0;37.0;1.0;Biomass;0.0;0.0
G0445;ES00553;64.022;0.0;40.0;1.0;Biomass;0.0;0.0
G0455;ES00570;64.022;0.0;50.0;1.0;Biomass;0.0;0.0
G0567;ES00740;64.022;0.0;30.0;1.0;Biomass;0.0;0.0
G0704;ES00960;64.022;0.0;50.0;1.0;Biomass;0.0;0.0
G0746;ES01032;64.022;0.0;57.0;1.0;Biomass;0.0;0.0
G0845;ES01171;64.022;0.0;50.0;1.0;Biomass;0.0;0.0
G0846;ES01171;64.022;0.0;41.0;1.0;Biomass;0.0;0.0
G0039;ES00072;13.05;0.0;366.0;1.0;Coal;0.0;0.0
G0040;ES00072;13.05;0.0;369.0;1.0;Coal;0.0;0.0
G0058;ES00101;13.05;0.0;556.0;1.0;Coal;0.0;0.0
G0059;ES00101;13.05;0.0;360.0;1.0;Coal;0.0;0.0
G0109;ES00187;13.05;0.0;589.0;1.0;Coal;0.0;0.0
G0204;ES00291;13.05;0.0;130.0;1.0;Coal;0.0;0.0
G0206;ES00291;13.05;0.0;130.0;1.0;Coal;0.0;0.0
G0446;ES00558;13.05;0.0;350.0;1.0;Coal;0.0;0.0
G0742;ES01013;13.05;0.0;50.0;1.0;Coal;0.0;0.0
G0004;ES00007;31.24;0.0;389.0;1.0;Gas;0.0;0.0
G0005;ES00007;31.24;0.0;373.0;1.0;Gas;0.0;0.0
G0006;ES00007;31.24;0.0;823.0;1.0;Gas;0.0;0.0
G0041;ES00072;31.24;0.0;856.0;1.0;Gas;0.0;0.0
G0045;ES00080;31.24;0.0;800.0;1.0;Gas;0.0;0.0
G0065;ES00117;31.24;0.0;412.0;1.0;Gas;0.0;0.0
G0066;ES00117;31.24;0.0;411.0;1.0;Gas;0.0;0.0
G0067;ES00117;31.24;0.0;410.0;1.0;Gas;0.0;0.0
G0077;ES00136;31.24;0.0;395.0;1.0;Gas;0.0;0.0
G0078;ES00136;31.24;0.0;390.0;1.0;Gas;0.0;0.0
G0085;ES00153;31.24;0.0;425.0;1.0;Gas;0.0;0.0
G0086;ES00153;31.24;0.0;379.0;1.0;Gas;0.0;0.0
G0088;ES00153;31.24;0.0;418.0;1.0;Gas;0.0;0.0
G0107;ES00187;31.24;0.0;390.0;1.0;Gas;0.0;0.0
G0108;ES00187;31.24;0.0;402.0;1.0;Gas;0.0;0.0
G0111;ES00190;31.24;0.0;36.0;1.0;Gas;0.0;0.0
G0113;ES00190;31.24;0.0;821.0;1.0;Gas;0.0;0.0
G0114;ES00190;31.24;0.0;393.0;1.0;Gas;0.0;0.0
G0115;ES00190;31.24;0.0;388.0;1.0;Gas;0.0;0.0
G0140;ES00212;31.24;0.0;25.0;1.0;Gas;0.0;0.0
G0145;ES00222;31.24;0.0;47.0;1.0;Gas;0.0;0.0
G0168;ES00267;31.24;0.0;782.0;1.0;Gas;0.0;0.0
G0169;ES00267;31.24;0.0;858.0;1.0;Gas;0.0;0.0
G0170;ES00267;31.24;0.0;26.0;1.0;Gas;0.0;0.0
G0171;ES00269;31.24;0.0;804.0;1.0;Gas;0.0;0.0
G0172;ES00269;31.24;0.0;275.0;1.0;Gas;0.0;0.0
G0176;ES00273;31.24;0.0;40.0;1.0;Gas;0.0;0.0
G0184;ES00281;31.24;0.0;21.0;1.0;Gas;0.0;0.0
G0189;ES00287;31.24;0.0;233.0;1.0;Gas;0.0;0.0
G0192;ES00287;31.24;0.0;226.0;1.0;Gas;0.0;0.0
G0209;ES00300;31.24;0.0;43.0;1.0;Gas;0.0;0.0
G0210;ES00303;31.24;0.0;41.0;1.0;Gas;0.0;0.0
G0211;ES00303;31.24;0.0;50.0;1.0;Gas;0.0;0.0
G0255;ES00347;31.24;0.0;418.0;1.0;Gas;0.0;0.0
G0256;ES00347;31.24;0.0;401.0;1.0;Gas;0.0;0.0
G0257;ES00347;31.24;0.0;395.0;1.0;Gas;0.0;0.0
G0258;ES00347;31.24;0.0;816.0;1.0;Gas;0.0;0.0
G0259;ES00347;31.24;0.0;418.0;1.0;Gas;0.0;0.0
G0260;ES00347;31.24;0.0;22.0;1.0;Gas;0.0;0.0
G0261;ES00347;31.24;0.0;403.0;1.0;Gas;0.0;0.0
G0262;ES00347;31.24;0.0;413.0;1.0;Gas;0.0;0.0
G0263;ES00347;31.24;0.0;45.0;1.0;Gas;0.0;0.0
G0264;ES00347;31.24;0.0;42.0;1.0;Gas;0.0;0.0
G0284;ES00370;31.24;0.0;414.0;1.0;Gas;0.0;0.0
G0286;ES00370;31.24;0.0;420.0;1.0;Gas;0.0;0.0
G0308;ES00393;31.24;0.0;23.0;1.0;Gas;0.0;0.0
G0314;ES00399;78.92;0.0;70.0;1.0;Oil;0.0;0.0
G0329;ES00422;31.24;0.0;46.0;1.0;Gas;0.0;0.0
G0334;ES00427;31.24;0.0;391.0;1.0;Gas;0.0;0.0
G0335;ES00428;78.92;0.0;80.0;1.0;Oil;0.0;0.0
G0346;ES00448;31.24;0.0;417.0;1.0;Gas;0.0;0.0
G0373;ES00477;31.24;0.0;391.0;1.0;Gas;0.0;0.0
G0376;ES00478;31.24;0.0;83.0;1.0;Gas;0.0;0.0
G0377;ES00478;31.24;0.0;391.0;1.0;Gas;0.0;0.0
G0378;ES00478;31.24;0.0;389.0;1.0;Gas;0.0;0.0
G0379;ES00478;31.24;0.0;387.0;1.0;Gas;0.0;0.0
G0380;ES00478;31.24;0.0;28.0;1.0;Gas;0.0;0.0
G0385;ES00490;31.24;0.0;386.0;1.0;Gas;0.0;0.0
G0386;ES00490;31.24;0.0;373.0;1.0;Gas;0.0;0.0
G0408;ES00518;31.24;0.0;26.0;1.0;Gas;0.0;0.0
G0412;ES00521;31.24;0.0;435.0;1.0;Gas;0.0;0.0
G0413;ES00521;31.24;0.0;431.0;1.0;Gas;0.0;0.0
G0441;ES00553;31.24;0.0;24.0;1.0;Gas;0.0;0.0
G0447;ES00558;31.24;0.0;426.0;1.0;Gas;0.0;0.0
G0448;ES00558;31.24;0.0;428.0;1.0;Gas;0.0;0.0
G0456;ES00570;31.24;0.0;25.0;1.0;Gas;0.0;0.0
G0459;ES00578;31.24;0.0;50.0;1.0;Gas;0.0;0.0
G0461;ES00583;31.24;0.0;396.0;1.0;Gas;0.0;0.0
G0462;ES00585;31.24;0.0;785.0;1.0;Gas;0.0;0.0
G0523;ES00683;82.0;0.0;25.0;1.0;Oil/Gas;0.0;0.0
G0528;ES00683;82.0;0.0;25.0;1.0;Oil/Gas;0.0;0.0
G0530;ES00683;82.0;0.0;25.0;1.0;Oil/Gas;0.0;0.0
G0546;ES00708;31.24;0.0;46.0;1.0;Gas;0.0;0.0
G0552;ES00713;31.24;0.0;50.0;1.0;Gas;0.0;0.0
G0565;ES00737;31.24;0.0;25.0;1.0;Gas;0.0;0.0
G0586;ES00784;31.24;0.0;230.0;1.0;Gas;0.0;0.0
G0587;ES00784;31.24;0.0;230.0;1.0;Gas;0.0;0.0
G0627;ES00843;31.24;0.0;40.0;1.0;Gas;0.0;0.0
G0686;ES00918;31.24;0.0;25.0;1.0;Gas;0.0;0.0
G0697;ES00933;31.24;0.0;49.0;1.0;Gas;0.0;0.0
G0736;ES00998;31.24;0.0;33.0;1.0;Gas;0.0;0.0
G0745;ES01025;31.24;0.0;786.0;1.0;Gas;0.0;0.0
G0749;ES01038;31.24;0.0;21.0;1.0;Gas;0.0;0.0
G0754;ES01047;78.92;0.0;76.0;1.0;Oil;0.0;0.0
G0780;ES01089;31.24;0.0;416.0;1.0;Gas;0.0;0.0
G0788;ES01113;31.24;0.0;412.0;1.0;Gas;0.0;0.0
G0789;ES01113;31.24;0.0;400.0;1.0;Gas;0.0;0.0
G0790;ES01113;31.24;0.0;859.0;1.0;Gas;0.0;0.0
G0802;ES01131;31.24;0.0;32.0;1.0;Gas;0.0;0.0
G0814;ES01141;31.24;0.0;23.0;1.0;Gas;0.0;0.0
G0818;ES01144;31.24;0.0;95.0;1.0;Gas;0.0;0.0
G0910;ES01240;31.24;0.0;34.0;1.0;Gas;0.0;0.0
G0911;ES01240;31.24;0.0;43.0;1.0;Gas;0.0;0.0
G0110;ES00190;31.24;0.0;45.0;1.0;Gas;0.0;0.0
G0112;ES00190;31.24;0.0;74.0;1.0;Gas;0.0;0.0
G0117;ES00190;31.24;0.0;41.0;1.0;Gas;0.0;0.0
G0195;ES00290;90.0;0.0;52.0;1.0;Diesel;0.0;0.0
G0197;ES00290;90.0;0.0;52.0;1.0;Diesel;0.0;0.0
G0198;ES00290;90.0;0.0;39.0;1.0;Diesel;0.0;0.0
G0200;ES00290;90.0;0.0;38.0;1.0;Diesel;0.0;0.0
G0201;ES00290;90.0;0.0;45.0;1.0;Diesel;0.0;0.0
G0202;ES00291;83.0;0.0;38.0;1.0;Oil/Gas/Diesel;0.0;0.0
G0203;ES00291;83.0;0.0;38.0;1.0;Oil/Gas/Diesel;0.0;0.0
G0338;ES00438;31.24;0.0;23.0;1.0;Gas;0.0;0.0
G0503;ES00655;78.92;0.0;65.0;1.0;Oil;0.0;0.0
G0504;ES00655;78.92;0.0;85.0;1.0;Oil;0.0;0.0
G0526;ES00683;31.24;0.0;25.0;1.0;Gas;0.0;0.0
G0527;ES00683;31.24;0.0;25.0;1.0;Gas;0.0;0.0
G0531;ES00683;31.24;0.0;25.0;1.0;Gas;0.0;0.0
G0649;ES00876;78.92;0.0;85.0;1.0;Oil;0.0;0.0
G0116;ES00190;85.0;0.0;83.0;1.0;Oil/Diesel;0.0;0.0
G0199;ES00290;90.0;0.0;48.0;1.0;Diesel;0.0;0.0
G0524;ES00683;90.0;0.0;31.0;1.0;Diesel;0.0;0.0
G0529;ES00683;85.0;0.0;74.0;1.0;Oil/Diesel;0.0;0.0
G0569;ES00740;82.0;0.0;36.0;1.0;Oil/Gas;0.0;0.0
G0092;ES00158;12.42;0.0;1044.0;1.0;Nuclear;0.0;0.0
G0093;ES00158;12.42;0.0;1049.0;1.0;Nuclear;0.0;0.0
G0138;ES00207;12.42;0.0;1027.0;1.0;Nuclear;0.0;0.0
G0139;ES00207;12.42;0.0;1033.0;1.0;Nuclear;0.0;0.0
G0160;ES00242;12.42;0.0;1102.0;1.0;Nuclear;0.0;0.0
G0285;ES00370;12.42;0.0;1087.0;1.0;Nuclear;0.0;0.0
G0307;ES00391;12.42;0.0;1066.0;1.0;Nuclear;0.0;0.0
G0375;ES00478;82.0;0.0;50.0;1.0;Oil/Gas;0.0;0.0
G0644;ES00858;31.24;0.0;25.0;1.0;Gas;0.0;0.0
G0460;ES00579;0.0;0.0;20.0;1.0;Wind;0.0;0.0
G0014;ES00017;0.0;0.0;26.0;1.0;Wind;0.0;0.0
G0016;ES00025;0.0;0.0;28.0;1.0;Wind;0.0;0.0
G0018;ES00027;0.0;0.0;70.0;1.0;Wind;0.0;0.0
G0022;ES00037;0.0;0.0;244.0;1.0;Wind;0.0;0.0
G0023;ES00040;0.0;0.0;92.0;1.0;Wind;0.0;0.0
G0027;ES00054;0.0;0.0;189.0;1.0;Wind;0.0;0.0
G0028;ES00056;0.0;0.0;45.0;1.0;Wind;0.0;0.0
G0033;ES00061;0.0;0.0;46.0;1.0;Wind;0.0;0.0
G0035;ES00064;0.0;0.0;98.0;1.0;Wind;0.0;0.0
G0036;ES00065;0.0;0.0;178.0;1.0;Wind;0.0;0.0
G0038;ES00072;0.0;0.0;563.0;1.0;Wind;0.0;0.0
G0042;ES00075;0.0;0.0;353.2;1.0;Wind;0.0;0.0
G0048;ES00081;0.0;0.0;89.0;1.0;Wind;0.0;0.0
G0050;ES00085;0.0;0.0;424.0;1.0;Wind;0.0;0.0
G0056;ES00096;0.0;0.0;54.0;1.0;Wind;0.0;0.0
G0060;ES00107;0.0;0.0;290.0;1.0;Wind;0.0;0.0
G0061;ES00109;0.0;0.0;91.0;1.0;Wind;0.0;0.0
G0068;ES00125;0.0;0.0;72.0;1.0;Wind;0.0;0.0
G0069;ES00128;0.0;0.0;33.0;1.0;Wind;0.0;0.0
G0073;ES00131;0.0;0.0;50.0;1.0;Wind;0.0;0.0
G0075;ES00132;0.0;0.0;224.0;1.0;Wind;0.0;0.0
G0081;ES00142;0.0;0.0;39.0;1.0;Wind;0.0;0.0
G0089;ES00155;0.0;0.0;18.0;1.0;Wind;0.0;0.0
G0097;ES00169;0.0;0.0;90.0;1.0;Wind;0.0;0.0
G0099;ES00170;0.0;0.0;178.2;1.0;Wind;0.0;0.0
G0101;ES00177;0.0;0.0;126.0;1.0;Wind;0.0;0.0
G0103;ES00179;0.0;0.0;13.0;1.0;Wind;0.0;0.0
G0105;ES00182;0.0;0.0;442.0;1.0;Wind;0.0;0.0
G0119;ES00191;0.0;0.0;101.0;1.0;Wind;0.0;0.0
G0120;ES00192;0.0;0.0;128.0;1.0;Wind;0.0;0.0
G0122;ES00193;0.0;0.0;200.0;1.0;Wind;0.0;0.0
G0124;ES00195;0.0;0.0;15.0;1.0;Wind;0.0;0.0
G0130;ES00199;0.0;0.0;25.0;1.0;Wind;0.0;0.0
G0134;ES00204;0.0;0.0;74.0;1.0;Wind;0.0;0.0
G0137;ES00207;0.0;0.0;30.0;1.0;Wind;0.0;0.0
G0142;ES00213;0.0;0.0;76.0;1.0;Wind;0.0;0.0
G0147;ES00227;0.0;0.0;20.0;1.0;Wind;0.0;0.0
G0148;ES00230;0.0;0.0;29.0;1.0;Wind;0.0;0.0
G0150;ES00232;0.0;0.0;100.0;1.0;Wind;0.0;0.0
G0152;ES00239;0.0;0.0;28.0;1.0;Wind;0.0;0.0
G0153;ES00240;0.0;0.0;495.8;1.0;Wind;0.0;0.0
G0159;ES00242;0.0;0.0;173.0;1.0;Wind;0.0;0.0
G0165;ES00264;0.0;0.0;24.0;1.0;Wind;0.0;0.0
G0167;ES00266;0.0;0.0;27.0;1.0;Wind;0.0;0.0
G0175;ES00272;0.0;0.0;18.0;1.0;Wind;0.0;0.0
G0181;ES00278;0.0;0.0;84.0;1.0;Wind;0.0;0.0
G0183;ES00280;0.0;0.0;528.0;1.0;Wind;0.0;0.0
G0185;ES00281;0.0;0.0;64.0;1.0;Wind;0.0;0.0
G0188;ES00284;0.0;0.0;100.0;1.0;Wind;0.0;0.0
G0208;ES00293;0.0;0.0;69.0;1.0;Wind;0.0;0.0
G0213;ES00304;0.0;0.0;30.0;1.0;Wind;0.0;0.0
G0215;ES00306;0.0;0.0;43.0;1.0;Wind;0.0;0.0
G0216;ES00307;0.0;0.0;11.0;1.0;Wind;0.0;0.0
G0218;ES00309;0.0;0.0;40.0;1.0;Wind;0.0;0.0
G0220;ES00310;0.0;0.0;30.0;1.0;Wind;0.0;0.0
G0223;ES00316;0.0;0.0;15.37;1.0;Wind;0.0;0.0
G0227;ES00319;0.0;0.0;111.0;1.0;Wind;0.0;0.0
G0228;ES00321;0.0;0.0;144.0;1.0;Wind;0.0;0.0
G0229;ES00322;0.0;0.0;204.0;1.0;Wind;0.0;0.0
G0230;ES00323;0.0;0.0;139.4;1.0;Wind;0.0;0.0
G0235;ES00327;0.0;0.0;70.0;1.0;Wind;0.0;0.0
G0254;ES00346;0.0;0.0;110.0;1.0;Wind;0.0;0.0
G0266;ES00350;0.0;0.0;49.0;1.0;Wind;0.0;0.0
G0272;ES00359;0.0;0.0;184.0;1.0;Wind;0.0;0.0
G0274;ES00362;0.0;0.0;607.2;1.0;Wind;0.0;0.0
G0276;ES00364;0.0;0.0;1185.0;1.0;Wind;0.0;0.0
G0279;ES00365;0.0;0.0;311.0;1.0;Wind;0.0;0.0
G0283;ES00370;0.0;0.0;50.0;1.0;Wind;0.0;0.0
G0288;ES00372;0.0;0.0;97.0;1.0;Wind;0.0;0.0
G0290;ES00374;0.0;0.0;27.0;1.0;Wind;0.0;0.0
G0294;ES00380;0.0;0.0;125.5;1.0;Wind;0.0;0.0
G0295;ES00381;0.0;0.0;52.0;1.0;Wind;0.0;0.0
G0300;ES00387;0.0;0.0;78.0;1.0;Wind;0.0;0.0
G0304;ES00390;0.0;0.0;96.0;1.0;Wind;0.0;0.0
G0306;ES00391;0.0;0.0;28.0;1.0;Wind;0.0;0.0
G0328;ES00416;0.0;0.0;60.0;1.0;Wind;0.0;0.0
G0331;ES00425;0.0;0.0;96.0;1.0;Wind;0.0;0.0
G0333;ES00427;0.0;0.0;106.0;1.0;Wind;0.0;0.0
G0336;ES00432;0.0;0.0;18.0;1.0;Wind;0.0;0.0
G0339;ES00439;0.0;0.0;16.0;1.0;Wind;0.0;0.0
G0348;ES00452;0.0;0.0;73.0;1.0;Wind;0.0;0.0
G0353;ES00459;0.0;0.0;41.0;1.0;Wind;0.0;0.0
G0354;ES00460;0.0;0.0;100.0;1.0;Wind;0.0;0.0
G0356;ES00461;0.0;0.0;180.0;1.0;Wind;0.0;0.0
G0358;ES00462;0.0;0.0;84.0;1.0;Wind;0.0;0.0
G0360;ES00463;0.0;0.0;107.0;1.0;Wind;0.0;0.0
G0361;ES00464;0.0;0.0;13.0;1.0;Wind;0.0;0.0
G0362;ES00465;0.0;0.0;124.0;1.0;Wind;0.0;0.0
G0364;ES00466;0.0;0.0;16.0;1.0;Wind;0.0;0.0
G0368;ES00472;0.0;0.0;23.0;1.0;Wind;0.0;0.0
G0371;ES00476;0.0;0.0;203.0;1.0;Wind;0.0;0.0
G0383;ES00481;0.0;0.0;109.0;1.0;Wind;0.0;0.0
G0391;ES00494;0.0;0.0;13.0;1.0;Wind;0.0;0.0
G0393;ES00495;0.0;0.0;95.0;1.0;Wind;0.0;0.0
G0396;ES00497;0.0;0.0;65.0;1.0;Wind;0.0;0.0
G0397;ES00498;0.0;0.0;58.0;1.0;Wind;0.0;0.0
G0401;ES00506;0.0;0.0;14.0;1.0;Wind;0.0;0.0
G0404;ES00510;0.0;0.0;91.0;1.0;Wind;0.0;0.0
G0411;ES00519;0.0;0.0;92.0;1.0;Wind;0.0;0.0
G0415;ES00522;0.0;0.0;158.0;1.0;Wind;0.0;0.0
G0416;ES00523;0.0;0.0;18.0;1.0;Wind;0.0;0.0
G0421;ES00531;0.0;0.0;42.0;1.0;Wind;0.0;0.0
G0422;ES00532;0.0;0.0;137.0;1.0;Wind;0.0;0.0
G0425;ES00534;0.0;0.0;351.0;1.0;Wind;0.0;0.0
G0429;ES00538;0.0;0.0;30.0;1.0;Wind;0.0;0.0
G0434;ES00540;0.0;0.0;39.0;1.0;Wind;0.0;0.0
G0435;ES00544;0.0;0.0;710.0;1.0;Wind;0.0;0.0
G0436;ES00545;0.0;0.0;341.0;1.0;Wind;0.0;0.0
G0438;ES00549;0.0;0.0;270.0;1.0;Wind;0.0;0.0
G0439;ES00551;0.0;0.0;183.0;1.0;Wind;0.0;0.0
G0440;ES00552;0.0;0.0;151.0;1.0;Wind;0.0;0.0
G0442;ES00553;0.0;0.0;297.0;1.0;Wind;0.0;0.0
G0449;ES00560;0.0;0.0;282.0;1.0;Wind;0.0;0.0
G0451;ES00562;0.0;0.0;70.0;1.0;Wind;0.0;0.0
G0453;ES00564;0.0;0.0;35.0;1.0;Wind;0.0;0.0
G0457;ES00570;0.0;0.0;180.0;1.0;Wind;0.0;0.0
G0463;ES00585;0.0;0.0;20.0;1.0;Wind;0.0;0.0
G0465;ES00596;0.0;0.0;152.0;1.0;Wind;0.0;0.0
G0467;ES00597;0.0;0.0;36.0;1.0;Wind;0.0;0.0
G0468;ES00599;0.0;0.0;70.0;1.0;Wind;0.0;0.0
G0469;ES00609;0.0;0.0;40.0;1.0;Wind;0.0;0.0
G0471;ES00610;0.0;0.0;369.0;1.0;Wind;0.0;0.0
G0476;ES00614;0.0;0.0;90.0;1.0;Wind;0.0;0.0
G0477;ES00615;0.0;0.0;260.0;1.0;Wind;0.0;0.0
G0479;ES00621;0.0;0.0;117.0;1.0;Wind;0.0;0.0
G0482;ES00628;0.0;0.0;32.0;1.0;Wind;0.0;0.0
G0483;ES00629;0.0;0.0;54.0;1.0;Wind;0.0;0.0
G0484;ES00630;0.0;0.0;76.0;1.0;Wind;0.0;0.0
G0486;ES00633;0.0;0.0;24.0;1.0;Wind;0.0;0.0
G0487;ES00636;0.0;0.0;42.0;1.0;Wind;0.0;0.0
G0488;ES00639;0.0;0.0;626.5;1.0;Wind;0.0;0.0
G0490;ES00640;0.0;0.0;171.0;1.0;Wind;0.0;0.0
G0491;ES00641;0.0;0.0;92.0;1.0;Wind;0.0;0.0
G0492;ES00642;0.0;0.0;16.0;1.0;Wind;0.0;0.0
G0496;ES00648;0.0;0.0;47.0;1.0;Wind;0.0;0.0
G0502;ES00653;0.0;0.0;48.0;1.0;Wind;0.0;0.0
G0506;ES00658;0.0;0.0;114.0;1.0;Wind;0.0;0.0
G0508;ES00664;0.0;0.0;52.0;1.0;Wind;0.0;0.0
G0509;ES00665;0.0;0.0;212.0;1.0;Wind;0.0;0.0
G0511;ES00667;0.0;0.0;21.0;1.0;Wind;0.0;0.0
G0512;ES00668;0.0;0.0;31.0;1.0;Wind;0.0;0.0
G0514;ES00669;0.0;0.0;58.0;1.0;Wind;0.0;0.0
G0517;ES00672;0.0;0.0;50.0;1.0;Wind;0.0;0.0
G0520;ES00677;0.0;0.0;43.0;1.0;Wind;0.0;0.0
G0532;ES00691;0.0;0.0;103.0;1.0;Wind;0.0;0.0
G0536;ES00697;0.0;0.0;123.0;1.0;Wind;0.0;0.0
G0537;ES00698;0.0;0.0;55.0;1.0;Wind;0.0;0.0
G0539;ES00700;0.0;0.0;14.0;1.0;Wind;0.0;0.0
G0540;ES00701;0.0;0.0;26.0;1.0;Wind;0.0;0.0
G0542;ES00702;0.0;0.0;14.0;1.0;Wind;0.0;0.0
G0544;ES00706;0.0;0.0;138.0;1.0;Wind;0.0;0.0
G0548;ES00708;0.0;0.0;10.0;1.0;Wind;0.0;0.0
G0549;ES00710;0.0;0.0;40.0;1.0;Wind;0.0;0.0
G0550;ES00711;0.0;0.0;22.0;1.0;Wind;0.0;0.0
G0551;ES00713;0.0;0.0;50.0;1.0;Wind;0.0;0.0
G0555;ES00720;0.0;0.0;17.0;1.0;Wind;0.0;0.0
G0556;ES00722;0.0;0.0;67.0;1.0;Wind;0.0;0.0
G0564;ES00734;0.0;0.0;43.0;1.0;Wind;0.0;0.0
G0566;ES00740;0.0;0.0;171.0;1.0;Wind;0.0;0.0
G0570;ES00745;0.0;0.0;40.0;1.0;Wind;0.0;0.0
G0572;ES00754;0.0;0.0;218.0;1.0;Wind;0.0;0.0
G0576;ES00761;0.0;0.0;30.0;1.0;Wind;0.0;0.0
G0577;ES00762;0.0;0.0;114.0;1.0;Wind;0.0;0.0
G0580;ES00769;0.0;0.0;88.0;1.0;Wind;0.0;0.0
G0583;ES00782;0.0;0.0;103.0;1.0;Wind;0.0;0.0
G0589;ES00787;0.0;0.0;66.0;1.0;Wind;0.0;0.0
G0590;ES00788;0.0;0.0;18.0;1.0;Wind;0.0;0.0
G0591;ES00797;0.0;0.0;64.0;1.0;Wind;0.0;0.0
G0592;ES00798;0.0;0.0;14.0;1.0;Wind;0.0;0.0
G0593;ES00800;0.0;0.0;139.0;1.0;Wind;0.0;0.0
G0595;ES00802;0.0;0.0;20.0;1.0;Wind;0.0;0.0
G0596;ES00803;0.0;0.0;48.0;1.0;Wind;0.0;0.0
G0597;ES00805;0.0;0.0;105.0;1.0;Wind;0.0;0.0
G0598;ES00807;0.0;0.0;50.0;1.0;Wind;0.0;0.0
G0599;ES00808;0.0;0.0;31.0;1.0;Wind;0.0;0.0
G0600;ES00809;0.0;0.0;152.9;1.0;Wind;0.0;0.0
G0626;ES00842;0.0;0.0;48.0;1.0;Wind;0.0;0.0
G0629;ES00843;0.0;0.0;78.0;1.0;Wind;0.0;0.0
G0638;ES00853;0.0;0.0;20.0;1.0;Wind;0.0;0.0
G0640;ES00857;0.0;0.0;280.0;1.0;Wind;0.0;0.0
G0643;ES00858;0.0;0.0;140.0;1.0;Wind;0.0;0.0
G0645;ES00860;0.0;0.0;19.0;1.0;Wind;0.0;0.0
G0646;ES00863;0.0;0.0;56.0;1.0;Wind;0.0;0.0
G0648;ES00869;0.0;0.0;14.0;1.0;Wind;0.0;0.0
G0653;ES00887;0.0;0.0;48.0;1.0;Wind;0.0;0.0
G0658;ES00892;0.0;0.0;134.0;1.0;Wind;0.0;0.0
G0659;ES00893;0.0;0.0;78.0;1.0;Wind;0.0;0.0
G0660;ES00894;0.0;0.0;18.0;1.0;Wind;0.0;0.0
G0661;ES00895;0.0;0.0;75.0;1.0;Wind;0.0;0.0
G0662;ES00896;0.0;0.0;26.0;1.0;Wind;0.0;0.0
G0663;ES00897;0.0;0.0;184.0;1.0;Wind;0.0;0.0
G0664;ES00898;0.0;0.0;23.0;1.0;Wind;0.0;0.0
G0666;ES00899;0.0;0.0;252.0;1.0;Wind;0.0;0.0
G0668;ES00901;0.0;0.0;49.0;1.0;Wind;0.0;0.0
G0670;ES00902;0.0;0.0;44.0;1.0;Wind;0.0;0.0
G0675;ES00907;0.0;0.0;30.0;1.0;Wind;0.0;0.0
G0684;ES00917;0.0;0.0;49.0;1.0;Wind;0.0;0.0
G0687;ES00918;0.0;0.0;21.0;1.0;Wind;0.0;0.0
G0690;ES00926;0.0;0.0;40.0;1.0;Wind;0.0;0.0
G0691;ES00927;0.0;0.0;50.0;1.0;Wind;0.0;0.0
G0695;ES00933;0.0;0.0;57.0;1.0;Wind;0.0;0.0
G0700;ES00955;0.0;0.0;86.0;1.0;Wind;0.0;0.0
G0703;ES00959;0.0;0.0;35.0;1.0;Wind;0.0;0.0
G0708;ES00963;0.0;0.0;10.0;1.0;Wind;0.0;0.0
G0710;ES00965;0.0;0.0;93.0;1.0;Wind;0.0;0.0
G0711;ES00967;0.0;0.0;72.0;1.0;Wind;0.0;0.0
G0713;ES00968;0.0;0.0;112.0;1.0;Wind;0.0;0.0
G0715;ES00971;0.0;0.0;78.0;1.0;Wind;0.0;0.0
G0717;ES00972;0.0;0.0;13.0;1.0;Wind;0.0;0.0
G0718;ES00973;0.0;0.0;40.0;1.0;Wind;0.0;0.0
G0728;ES00978;0.0;0.0;28.0;1.0;Wind;0.0;0.0
G0731;ES00979;0.0;0.0;75.0;1.0;Wind;0.0;0.0
G0732;ES00995;0.0;0.0;50.0;1.0;Wind;0.0;0.0
G0733;ES00996;0.0;0.0;262.0;1.0;Wind;0.0;0.0
G0735;ES00997;0.0;0.0;57.0;1.0;Wind;0.0;0.0
G0737;ES01001;0.0;0.0;26.0;1.0;Wind;0.0;0.0
G0739;ES01004;0.0;0.0;37.0;1.0;Wind;0.0;0.0
G0744;ES01017;0.0;0.0;251.0;1.0;Wind;0.0;0.0
G0747;ES01033;0.0;0.0;26.0;1.0;Wind;0.0;0.0
G0748;ES01036;0.0;0.0;50.0;1.0;Wind;0.0;0.0
G0751;ES01040;0.0;0.0;126.0;1.0;Wind;0.0;0.0
G0753;ES01043;0.0;0.0;60.0;1.0;Wind;0.0;0.0
G0755;ES01048;0.0;0.0;78.0;1.0;Wind;0.0;0.0
G0756;ES01049;0.0;0.0;62.0;1.0;Wind;0.0;0.0
G0758;ES01050;0.0;0.0;106.0;1.0;Wind;0.0;0.0
G0761;ES01052;0.0;0.0;10.0;1.0;Wind;0.0;0.0
G0762;ES01053;0.0;0.0;199.0;1.0;Wind;0.0;0.0
G0765;ES01059;0.0;0.0;122.0;1.0;Wind;0.0;0.0
G0771;ES01062;0.0;0.0;74.0;1.0;Wind;0.0;0.0
G0773;ES01065;0.0;0.0;136.0;1.0;Wind;0.0;0.0
G0777;ES01078;0.0;0.0;24.0;1.0;Wind;0.0;0.0
G0778;ES01085;0.0;0.0;30.0;1.0;Wind;0.0;0.0
G0781;ES01093;0.0;0.0;359.0;1.0;Wind;0.0;0.0
G0783;ES01101;0.0;0.0;38.0;1.0;Wind;0.0;0.0
G0784;ES01102;0.0;0.0;56.0;1.0;Wind;0.0;0.0
G0786;ES01108;0.0;0.0;26.0;1.0;Wind;0.0;0.0
G0792;ES01115;0.0;0.0;74.0;1.0;Wind;0.0;0.0
G0794;ES01118;0.0;0.0;56.0;1.0;Wind;0.0;0.0
G0798;ES01128;0.0;0.0;82.0;1.0;Wind;0.0;0.0
G0800;ES01129;0.0;0.0;118.0;1.0;Wind;0.0;0.0
G0801;ES01131;0.0;0.0;70.0;1.0;Wind;0.0;0.0
G0804;ES01132;0.0;0.0;173.0;1.0;Wind;0.0;0.0
G0805;ES01133;0.0;0.0;19.0;1.0;Wind;0.0;0.0
G0807;ES01134;0.0;0.0;115.0;1.0;Wind;0.0;0.0
G0809;ES01135;0.0;0.0;62.0;1.0;Wind;0.0;0.0
G0811;ES01140;0.0;0.0;165.0;1.0;Wind;0.0;0.0
G0812;ES01141;0.0;0.0;240.2;1.0;Wind;0.0;0.0
G0815;ES01142;0.0;0.0;25.0;1.0;Wind;0.0;0.0
G0816;ES01143;0.0;0.0;133.0;1.0;Wind;0.0;0.0
G0823;ES01148;0.0;0.0;76.0;1.0;Wind;0.0;0.0
G0832;ES01158;0.0;0.0;35.0;1.0;Wind;0.0;0.0
G0833;ES01159;0.0;0.0;87.0;1.0;Wind;0.0;0.0
G0834;ES01160;0.0;0.0;144.0;1.0;Wind;0.0;0.0
G0838;ES01165;0.0;0.0;256.0;1.0;Wind;0.0;0.0
G0840;ES01166;0.0;0.0;26.0;1.0;Wind;0.0;0.0
G0843;ES01170;0.0;0.0;12.0;1.0;Wind;0.0;0.0
G0848;ES01172;0.0;0.0;128.0;1.0;Wind;0.0;0.0
G0852;ES01176;0.0;0.0;105.0;1.0;Wind;0.0;0.0
G0855;ES01179;0.0;0.0;200.0;1.0;Wind;0.0;0.0
G0857;ES01180;0.0;0.0;123.0;1.0;Wind;0.0;0.0
G0867;ES01184;0.0;0.0;117.0;1.0;Wind;0.0;0.0
G0868;ES01190;0.0;0.0;110.0;1.0;Wind;0.0;0.0
G0869;ES01191;0.0;0.0;114.0;1.0;Wind;0.0;0.0
G0870;ES01192;0.0;0.0;270.0;1.0;Wind;0.0;0.0
G0875;ES01198;0.0;0.0;18.0;1.0;Wind;0.0;0.0
G0880;ES01210;0.0;0.0;20.0;1.0;Wind;0.0;0.0
G0885;ES01214;0.0;0.0;85.0;1.0;Wind;0.0;0.0
G0887;ES01215;0.0;0.0;118.0;1.0;Wind;0.0;0.0
G0888;ES01216;0.0;0.0;67.0;1.0;Wind;0.0;0.0
G0890;ES01217;0.0;0.0;105.0;1.0;Wind;0.0;0.0
G0891;ES01219;0.0;0.0;53.0;1.0;Wind;0.0;0.0
G0893;ES01220;0.0;0.0;40.0;1.0;Wind;0.0;0.0
G0898;ES01227;0.0;0.0;261.0;1.0;Wind;0.0;0.0
G0900;ES01228;0.0;0.0;91.0;1.0;Wind;0.0;0.0
G0901;ES01230;0.0;0.0;33.0;1.0;Wind;0.0;0.0
G0902;ES01231;0.0;0.0;354.0;1.0;Wind;0.0;0.0
G0903;ES01232;0.0;0.0;45.0;1.0;Wind;0.0;0.0
G0906;ES01236;0.0;0.0;36.0;1.0;Wind;0.0;0.0
G0907;ES01237;0.0;0.0;128.0;1.0;Wind;0.0;0.0
G0908;ES01238;0.0;0.0;106.0;1.0;Wind;0.0;0.0
G0909;ES01239;0.0;0.0;199.6;1.0;Wind;0.0;0.0
G0914;ES01244;0.0;0.0;27.0;1.0;Wind;0.0;0.0
G0915;ES01245;0.0;0.0;60.0;1.0;Wind;0.0;0.0
G0925;ES01255;0.0;0.0;32.0;1.0;Wind;0.0;0.0
G0001;ES00007;0.0;0.0;161.0;1.0;Solar;0.0;0.0
G0009;ES00009;0.0;0.0;503.9;1.0;Solar;0.0;0.0
G0010;ES00010;0.0;0.0;3.5;1.0;Solar;0.0;0.0
G0011;ES00015;0.0;0.0;1.1;1.0;Solar;0.0;0.0
G0012;ES00016;0.0;0.0;12.6;1.0;Solar;0.0;0.0
G0013;ES00017;0.0;0.0;36.4;1.0;Solar;0.0;0.0
G0015;ES00023;0.0;0.0;3.2;1.0;Solar;0.0;0.0
G0017;ES00025;0.0;0.0;91.8;1.0;Solar;0.0;0.0
G0020;ES00036;0.0;0.0;280.1;1.0;Solar;0.0;0.0
G0024;ES00040;0.0;0.0;1.4;1.0;Solar;0.0;0.0
G0025;ES00049;0.0;0.0;41.4;1.0;Solar;0.0;0.0
G0026;ES00054;0.0;0.0;26.099999999999998;1.0;Solar;0.0;0.0
G0032;ES00057;0.0;0.0;201.9;1.0;Solar;0.0;0.0
G0034;ES00062;0.0;0.0;13.3;1.0;Solar;0.0;0.0
G0037;ES00068;0.0;0.0;1.6;1.0;Solar;0.0;0.0
G0043;ES00075;0.0;0.0;262.0;1.0;Solar;0.0;0.0
G0044;ES00076;0.0;0.0;24.6;1.0;Solar;0.0;0.0
G0046;ES00080;0.0;0.0;18.6;1.0;Solar;0.0;0.0
G0047;ES00081;0.0;0.0;60.400000000000006;1.0;Solar;0.0;0.0
G0049;ES00084;0.0;0.0;12.0;1.0;Solar;0.0;0.0
G0051;ES00085;0.0;0.0;33.8;1.0;Solar;0.0;0.0
G0052;ES00086;0.0;0.0;43.5;1.0;Solar;0.0;0.0
G0053;ES00087;0.0;0.0;65.2;1.0;Solar;0.0;0.0
G0054;ES00088;0.0;0.0;80.7;1.0;Solar;0.0;0.0
G0055;ES00095;0.0;0.0;25.2;1.0;Solar;0.0;0.0
G0062;ES00111;0.0;0.0;1.2;1.0;Solar;0.0;0.0
G0063;ES00112;0.0;0.0;6.8;1.0;Solar;0.0;0.0
G0071;ES00128;0.0;0.0;6.3;1.0;Solar;0.0;0.0
G0072;ES00130;0.0;0.0;1.4;1.0;Solar;0.0;0.0
G0074;ES00131;0.0;0.0;23.4;1.0;Solar;0.0;0.0
G0076;ES00135;0.0;0.0;2.8;1.0;Solar;0.0;0.0
G0079;ES00136;0.0;0.0;18.700000000000003;1.0;Solar;0.0;0.0
G0080;ES00142;0.0;0.0;16.0;1.0;Solar;0.0;0.0
G0082;ES00143;0.0;0.0;29.9;1.0;Solar;0.0;0.0
G0083;ES00144;0.0;0.0;92.1;1.0;Solar;0.0;0.0
G0084;ES00151;0.0;0.0;52.5;1.0;Solar;0.0;0.0
G0087;ES00153;0.0;0.0;15.2;1.0;Solar;0.0;0.0
G0091;ES00158;0.0;0.0;225.2;1.0;Solar;0.0;0.0
G0096;ES00167;0.0;0.0;59.4;1.0;Solar;0.0;0.0
G0098;ES00169;0.0;0.0;72.1;1.0;Solar;0.0;0.0
G0100;ES00177;0.0;0.0;273.3;1.0;Solar;0.0;0.0
G0102;ES00179;0.0;0.0;5.9;1.0;Solar;0.0;0.0
G0106;ES00187;0.0;0.0;14.7;1.0;Solar;0.0;0.0
G0118;ES00191;0.0;0.0;228.8;1.0;Solar;0.0;0.0
G0121;ES00192;0.0;0.0;166.7;1.0;Solar;0.0;0.0
G0123;ES00193;0.0;0.0;155.7;1.0;Solar;0.0;0.0
G0125;ES00195;0.0;0.0;177.6;1.0;Solar;0.0;0.0
G0126;ES00197;0.0;0.0;29.9;1.0;Solar;0.0;0.0
G0131;ES00199;0.0;0.0;103.6;1.0;Solar;0.0;0.0
G0132;ES00200;0.0;0.0;56.3;1.0;Solar;0.0;0.0
G0133;ES00204;0.0;0.0;2.0;1.0;Solar;0.0;0.0
G0136;ES00207;0.0;0.0;9.2;1.0;Solar;0.0;0.0
G0141;ES00212;0.0;0.0;14.8;1.0;Solar;0.0;0.0
G0143;ES00217;0.0;0.0;1.5;1.0;Solar;0.0;0.0
G0144;ES00219;0.0;0.0;2.8;1.0;Solar;0.0;0.0
G0146;ES00224;0.0;0.0;20.6;1.0;Solar;0.0;0.0
G0149;ES00231;0.0;0.0;4.1;1.0;Solar;0.0;0.0
G0151;ES00239;0.0;0.0;6.3;1.0;Solar;0.0;0.0
G0154;ES00240;0.0;0.0;11.2;1.0;Solar;0.0;0.0
G0157;ES00242;0.0;0.0;3.0999999999999996;1.0;Solar;0.0;0.0
G0163;ES00252;0.0;0.0;3.0;1.0;Solar;0.0;0.0
G0164;ES00259;0.0;0.0;2.0;1.0;Solar;0.0;0.0
G0166;ES00265;0.0;0.0;2.4;1.0;Solar;0.0;0.0
G0173;ES00269;0.0;0.0;379.3;1.0;Solar;0.0;0.0
G0174;ES00271;0.0;0.0;1.3;1.0;Solar;0.0;0.0
G0179;ES00274;0.0;0.0;793.7;1.0;Solar;0.0;0.0
G0180;ES00275;0.0;0.0;73.1;1.0;Solar;0.0;0.0
G0182;ES00280;0.0;0.0;2.9;1.0;Solar;0.0;0.0
G0186;ES00281;0.0;0.0;48.5;1.0;Solar;0.0;0.0
G0187;ES00283;0.0;0.0;51.0;1.0;Solar;0.0;0.0
G0191;ES00287;0.0;0.0;14.799999999999999;1.0;Solar;0.0;0.0
G0193;ES00288;0.0;0.0;4.9;1.0;Solar;0.0;0.0
G0194;ES00289;0.0;0.0;32.6;1.0;Solar;0.0;0.0
G0196;ES00290;0.0;0.0;46.7;1.0;Solar;0.0;0.0
G0205;ES00291;0.0;0.0;122.0;1.0;Solar;0.0;0.0
G0207;ES00292;0.0;0.0;32.9;1.0;Solar;0.0;0.0
G0212;ES00304;0.0;0.0;9.0;1.0;Solar;0.0;0.0
G0217;ES00307;0.0;0.0;10.8;1.0;Solar;0.0;0.0
G0219;ES00310;0.0;0.0;1.1;1.0;Solar;0.0;0.0
G0231;ES00324;0.0;0.0;258.0;1.0;Solar;0.0;0.0
G0234;ES00327;0.0;0.0;127.4;1.0;Solar;0.0;0.0
G0236;ES00328;0.0;0.0;59.0;1.0;Solar;0.0;0.0
G0237;ES00329;0.0;0.0;41.2;1.0;Solar;0.0;0.0
G0238;ES00331;0.0;0.0;61.900000000000006;1.0;Solar;0.0;0.0
G0239;ES00332;0.0;0.0;111.2;1.0;Solar;0.0;0.0
G0241;ES00334;0.0;0.0;157.6;1.0;Solar;0.0;0.0
G0242;ES00335;0.0;0.0;81.1;1.0;Solar;0.0;0.0
G0244;ES00336;0.0;0.0;106.0;1.0;Solar;0.0;0.0
G0245;ES00339;0.0;0.0;14.2;1.0;Solar;0.0;0.0
G0246;ES00340;0.0;0.0;14.6;1.0;Solar;0.0;0.0
G0247;ES00342;0.0;0.0;50.0;1.0;Solar;0.0;0.0
G0248;ES00343;0.0;0.0;25.0;1.0;Solar;0.0;0.0
G0251;ES00344;0.0;0.0;407.9;1.0;Solar;0.0;0.0
G0252;ES00345;0.0;0.0;149.0;1.0;Solar;0.0;0.0
G0253;ES00346;0.0;0.0;385.1;1.0;Solar;0.0;0.0
G0265;ES00349;0.0;0.0;41.1;1.0;Solar;0.0;0.0
G0267;ES00350;0.0;0.0;93.7;1.0;Solar;0.0;0.0
G0268;ES00352;0.0;0.0;4.5;1.0;Solar;0.0;0.0
G0269;ES00353;0.0;0.0;13.2;1.0;Solar;0.0;0.0
G0270;ES00354;0.0;0.0;87.1;1.0;Solar;0.0;0.0
G0271;ES00355;0.0;0.0;8.6;1.0;Solar;0.0;0.0
G0273;ES00359;0.0;0.0;61.9;1.0;Solar;0.0;0.0
G0275;ES00362;0.0;0.0;630.1;1.0;Solar;0.0;0.0
G0277;ES00364;0.0;0.0;201.0;1.0;Solar;0.0;0.0
G0278;ES00365;0.0;0.0;85.4;1.0;Solar;0.0;0.0
G0282;ES00367;0.0;0.0;51.1;1.0;Solar;0.0;0.0
G0287;ES00372;0.0;0.0;1.3;1.0;Solar;0.0;0.0
G0291;ES00377;0.0;0.0;32.6;1.0;Solar;0.0;0.0
G0292;ES00379;0.0;0.0;2.0;1.0;Solar;0.0;0.0
G0296;ES00383;0.0;0.0;27.1;1.0;Solar;0.0;0.0
G0297;ES00384;0.0;0.0;6.3;1.0;Solar;0.0;0.0
G0298;ES00386;0.0;0.0;55.5;1.0;Solar;0.0;0.0
G0299;ES00387;0.0;0.0;63.2;1.0;Solar;0.0;0.0
G0301;ES00388;0.0;0.0;3.1;1.0;Solar;0.0;0.0
G0303;ES00390;0.0;0.0;61.2;1.0;Solar;0.0;0.0
G0305;ES00391;0.0;0.0;1401.0;1.0;Solar;0.0;0.0
G0309;ES00393;0.0;0.0;84.5;1.0;Solar;0.0;0.0
G0310;ES00394;0.0;0.0;10.4;1.0;Solar;0.0;0.0
G0311;ES00395;0.0;0.0;9.8;1.0;Solar;0.0;0.0
G0312;ES00396;0.0;0.0;11.5;1.0;Solar;0.0;0.0
G0313;ES00398;0.0;0.0;120.0;1.0;Solar;0.0;0.0
G0316;ES00399;0.0;0.0;37.0;1.0;Solar;0.0;0.0
G0317;ES00401;0.0;0.0;4.6;1.0;Solar;0.0;0.0
G0318;ES00402;0.0;0.0;99.1;1.0;Solar;0.0;0.0
G0319;ES00403;0.0;0.0;150.0;1.0;Solar;0.0;0.0
G0320;ES00404;0.0;0.0;129.0;1.0;Solar;0.0;0.0
G0321;ES00405;0.0;0.0;502.8;1.0;Solar;0.0;0.0
G0322;ES00406;0.0;0.0;12.0;1.0;Solar;0.0;0.0
G0324;ES00408;0.0;0.0;305.9;1.0;Solar;0.0;0.0
G0325;ES00411;0.0;0.0;183.8;1.0;Solar;0.0;0.0
G0326;ES00413;0.0;0.0;502.3;1.0;Solar;0.0;0.0
G0327;ES00416;0.0;0.0;4.300000000000001;1.0;Solar;0.0;0.0
G0330;ES00424;0.0;0.0;30.0;1.0;Solar;0.0;0.0
G0332;ES00426;0.0;0.0;1.8;1.0;Solar;0.0;0.0
G0337;ES00438;0.0;0.0;4.300000000000001;1.0;Solar;0.0;0.0
G0340;ES00440;0.0;0.0;2.0;1.0;Solar;0.0;0.0
G0341;ES00441;0.0;0.0;1.1;1.0;Solar;0.0;0.0
G0343;ES00445;0.0;0.0;2.6;1.0;Solar;0.0;0.0
G0345;ES00446;0.0;0.0;18.9;1.0;Solar;0.0;0.0
G0347;ES00452;0.0;0.0;12.8;1.0;Solar;0.0;0.0
G0349;ES00454;0.0;0.0;5.8;1.0;Solar;0.0;0.0
G0350;ES00455;0.0;0.0;1.2;1.0;Solar;0.0;0.0
G0351;ES00458;0.0;0.0;110.9;1.0;Solar;0.0;0.0
G0352;ES00459;0.0;0.0;1.2;1.0;Solar;0.0;0.0
G0355;ES00461;0.0;0.0;25.8;1.0;Solar;0.0;0.0
G0357;ES00462;0.0;0.0;1.9;1.0;Solar;0.0;0.0
G0359;ES00463;0.0;0.0;21.7;1.0;Solar;0.0;0.0
G0363;ES00466;0.0;0.0;111.0;1.0;Solar;0.0;0.0
G0365;ES00467;0.0;0.0;4.6;1.0;Solar;0.0;0.0
G0366;ES00469;0.0;0.0;9.3;1.0;Solar;0.0;0.0
G0367;ES00472;0.0;0.0;1.0;1.0;Solar;0.0;0.0
G0370;ES00475;0.0;0.0;9.8;1.0;Solar;0.0;0.0
G0372;ES00476;0.0;0.0;109.7;1.0;Solar;0.0;0.0
G0374;ES00478;0.0;0.0;8.4;1.0;Solar;0.0;0.0
G0381;ES00480;0.0;0.0;1.3;1.0;Solar;0.0;0.0
G0382;ES00481;0.0;0.0;152.6;1.0;Solar;0.0;0.0
G0384;ES00484;0.0;0.0;198.3;1.0;Solar;0.0;0.0
G0387;ES00490;0.0;0.0;137.1;1.0;Solar;0.0;0.0
G0388;ES00493;0.0;0.0;1.3;1.0;Solar;0.0;0.0
G0392;ES00494;0.0;0.0;27.1;1.0;Solar;0.0;0.0
G0394;ES00495;0.0;0.0;6.6;1.0;Solar;0.0;0.0
G0395;ES00497;0.0;0.0;662.3;1.0;Solar;0.0;0.0
G0399;ES00498;0.0;0.0;115.0;1.0;Solar;0.0;0.0
G0400;ES00500;0.0;0.0;48.1;1.0;Solar;0.0;0.0
G0402;ES00506;0.0;0.0;64.2;1.0;Solar;0.0;0.0
G0403;ES00508;0.0;0.0;6.2;1.0;Solar;0.0;0.0
G0406;ES00510;0.0;0.0;64.7;1.0;Solar;0.0;0.0
G0407;ES00515;0.0;0.0;1.1;1.0;Solar;0.0;0.0
G0409;ES00518;0.0;0.0;167.4;1.0;Solar;0.0;0.0
G0410;ES00519;0.0;0.0;1.1;1.0;Solar;0.0;0.0
G0414;ES00522;0.0;0.0;24.7;1.0;Solar;0.0;0.0
G0417;ES00523;0.0;0.0;2.4;1.0;Solar;0.0;0.0
G0418;ES00526;0.0;0.0;2.4;1.0;Solar;0.0;0.0
G0419;ES00530;0.0;0.0;119.5;1.0;Solar;0.0;0.0
G0420;ES00531;0.0;0.0;120.1;1.0;Solar;0.0;0.0
G0423;ES00533;0.0;0.0;32.2;1.0;Solar;0.0;0.0
G0424;ES00534;0.0;0.0;21.0;1.0;Solar;0.0;0.0
G0426;ES00537;0.0;0.0;6.1;1.0;Solar;0.0;0.0
G0428;ES00538;0.0;0.0;15.5;1.0;Solar;0.0;0.0
G0430;ES00539;0.0;0.0;15.3;1.0;Solar;0.0;0.0
G0433;ES00540;0.0;0.0;44.3;1.0;Solar;0.0;0.0
G0450;ES00560;0.0;0.0;8.1;1.0;Solar;0.0;0.0
G0452;ES00562;0.0;0.0;1.6;1.0;Solar;0.0;0.0
G0454;ES00564;0.0;0.0;20.4;1.0;Solar;0.0;0.0
G0464;ES00595;0.0;0.0;11.700000000000001;1.0;Solar;0.0;0.0
G0466;ES00597;0.0;0.0;24.7;1.0;Solar;0.0;0.0
G0470;ES00610;0.0;0.0;52.9;1.0;Solar;0.0;0.0
G0472;ES00611;0.0;0.0;16.8;1.0;Solar;0.0;0.0
G0474;ES00613;0.0;0.0;101.1;1.0;Solar;0.0;0.0
G0475;ES00614;0.0;0.0;24.8;1.0;Solar;0.0;0.0
G0478;ES00619;0.0;0.0;1.8;1.0;Solar;0.0;0.0
G0480;ES00623;0.0;0.0;146.6;1.0;Solar;0.0;0.0
G0481;ES00625;0.0;0.0;2.2;1.0;Solar;0.0;0.0
G0485;ES00631;0.0;0.0;9.4;1.0;Solar;0.0;0.0
G0489;ES00639;0.0;0.0;717.3;1.0;Solar;0.0;0.0
G0493;ES00644;0.0;0.0;54.599999999999994;1.0;Solar;0.0;0.0
G0494;ES00645;0.0;0.0;2.2;1.0;Solar;0.0;0.0
G0497;ES00648;0.0;0.0;18.5;1.0;Solar;0.0;0.0
G0498;ES00649;0.0;0.0;697.0;1.0;Solar;0.0;0.0
G0499;ES00651;0.0;0.0;16.3;1.0;Solar;0.0;0.0
G0500;ES00652;0.0;0.0;66.0;1.0;Solar;0.0;0.0
G0501;ES00653;0.0;0.0;67.4;1.0;Solar;0.0;0.0
G0505;ES00657;0.0;0.0;55.4;1.0;Solar;0.0;0.0
G0507;ES00662;0.0;0.0;1.0;1.0;Solar;0.0;0.0
G0510;ES00666;0.0;0.0;63.8;1.0;Solar;0.0;0.0
G0513;ES00668;0.0;0.0;20.5;1.0;Solar;0.0;0.0
G0515;ES00669;0.0;0.0;8.4;1.0;Solar;0.0;0.0
G0516;ES00671;0.0;0.0;21.1;1.0;Solar;0.0;0.0
G0518;ES00674;0.0;0.0;166.4;1.0;Solar;0.0;0.0
G0519;ES00677;0.0;0.0;1.4;1.0;Solar;0.0;0.0
G0521;ES00678;0.0;0.0;265.2;1.0;Solar;0.0;0.0
G0522;ES00679;0.0;0.0;30.0;1.0;Solar;0.0;0.0
G0525;ES00683;0.0;0.0;5.6;1.0;Solar;0.0;0.0
G0533;ES00691;0.0;0.0;5.0;1.0;Solar;0.0;0.0
G0534;ES00694;0.0;0.0;7.4;1.0;Solar;0.0;0.0
G0535;ES00697;0.0;0.0;60.5;1.0;Solar;0.0;0.0
G0538;ES00700;0.0;0.0;7.4;1.0;Solar;0.0;0.0
G0541;ES00701;0.0;0.0;47.4;1.0;Solar;0.0;0.0
G0543;ES00703;0.0;0.0;65.0;1.0;Solar;0.0;0.0
G0545;ES00707;0.0;0.0;1.2;1.0;Solar;0.0;0.0
G0547;ES00708;0.0;0.0;127.8;1.0;Solar;0.0;0.0
G0553;ES00713;0.0;0.0;94.2;1.0;Solar;0.0;0.0
G0554;ES00716;0.0;0.0;2.7;1.0;Solar;0.0;0.0
G0557;ES00722;0.0;0.0;35.6;1.0;Solar;0.0;0.0
G0558;ES00724;0.0;0.0;5.1;1.0;Solar;0.0;0.0
G0559;ES00726;0.0;0.0;2.3;1.0;Solar;0.0;0.0
G0560;ES00728;0.0;0.0;8.7;1.0;Solar;0.0;0.0
G0561;ES00730;0.0;0.0;6.699999999999999;1.0;Solar;0.0;0.0
G0562;ES00731;0.0;0.0;1.7;1.0;Solar;0.0;0.0
G0568;ES00740;0.0;0.0;1.1;1.0;Solar;0.0;0.0
G0571;ES00747;0.0;0.0;2.7;1.0;Solar;0.0;0.0
G0573;ES00758;0.0;0.0;19.1;1.0;Solar;0.0;0.0
G0574;ES00759;0.0;0.0;19.9;1.0;Solar;0.0;0.0
G0575;ES00760;0.0;0.0;4.3;1.0;Solar;0.0;0.0
G0578;ES00762;0.0;0.0;21.6;1.0;Solar;0.0;0.0
G0579;ES00766;0.0;0.0;6.3;1.0;Solar;0.0;0.0
G0581;ES00772;0.0;0.0;50.0;1.0;Solar;0.0;0.0
G0582;ES00776;0.0;0.0;7.2;1.0;Solar;0.0;0.0
G0584;ES00782;0.0;0.0;8.3;1.0;Solar;0.0;0.0
G0585;ES00784;0.0;0.0;12.6;1.0;Solar;0.0;0.0
G0588;ES00785;0.0;0.0;5.0;1.0;Solar;0.0;0.0
G0601;ES00810;0.0;0.0;53.8;1.0;Solar;0.0;0.0
G0604;ES00816;0.0;0.0;12.899999999999999;1.0;Solar;0.0;0.0
G0607;ES00819;0.0;0.0;302.7;1.0;Solar;0.0;0.0
G0608;ES00820;0.0;0.0;62.9;1.0;Solar;0.0;0.0
G0610;ES00822;0.0;0.0;7.0;1.0;Solar;0.0;0.0
G0611;ES00823;0.0;0.0;10.0;1.0;Solar;0.0;0.0
G0612;ES00825;0.0;0.0;424.0;1.0;Solar;0.0;0.0
G0613;ES00827;0.0;0.0;123.7;1.0;Solar;0.0;0.0
G0614;ES00828;0.0;0.0;508.1;1.0;Solar;0.0;0.0
G0615;ES00829;0.0;0.0;6.0;1.0;Solar;0.0;0.0
G0616;ES00832;0.0;0.0;50.0;1.0;Solar;0.0;0.0
G0617;ES00834;0.0;0.0;2.1;1.0;Solar;0.0;0.0
G0621;ES00835;0.0;0.0;146.7;1.0;Solar;0.0;0.0
G0622;ES00836;0.0;0.0;124.2;1.0;Solar;0.0;0.0
G0623;ES00837;0.0;0.0;3.6;1.0;Solar;0.0;0.0
G0624;ES00838;0.0;0.0;2.6;1.0;Solar;0.0;0.0
G0625;ES00841;0.0;0.0;2.0;1.0;Solar;0.0;0.0
G0628;ES00843;0.0;0.0;1.4;1.0;Solar;0.0;0.0
G0630;ES00844;0.0;0.0;15.600000000000001;1.0;Solar;0.0;0.0
G0631;ES00845;0.0;0.0;1.2;1.0;Solar;0.0;0.0
G0634;ES00849;0.0;0.0;18.6;1.0;Solar;0.0;0.0
G0635;ES00850;0.0;0.0;5.3;1.0;Solar;0.0;0.0
G0636;ES00851;0.0;0.0;45.8;1.0;Solar;0.0;0.0
G0639;ES00855;0.0;0.0;28.0;1.0;Solar;0.0;0.0
G0641;ES00857;0.0;0.0;1.4;1.0;Solar;0.0;0.0
G0642;ES00858;0.0;0.0;62.2;1.0;Solar;0.0;0.0
G0647;ES00864;0.0;0.0;1.5;1.0;Solar;0.0;0.0
G0650;ES00876;0.0;0.0;6.7;1.0;Solar;0.0;0.0
G0652;ES00886;0.0;0.0;17.7;1.0;Solar;0.0;0.0
G0654;ES00887;0.0;0.0;259.0;1.0;Solar;0.0;0.0
G0655;ES00888;0.0;0.0;1.4;1.0;Solar;0.0;0.0
G0665;ES00898;0.0;0.0;40.4;1.0;Solar;0.0;0.0
G0667;ES00900;0.0;0.0;8.4;1.0;Solar;0.0;0.0
G0669;ES00901;0.0;0.0;10.7;1.0;Solar;0.0;0.0
G0671;ES00903;0.0;0.0;126.5;1.0;Solar;0.0;0.0
G0672;ES00905;0.0;0.0;78.0;1.0;Solar;0.0;0.0
G0673;ES00906;0.0;0.0;175.3;1.0;Solar;0.0;0.0
G0676;ES00907;0.0;0.0;65.5;1.0;Solar;0.0;0.0
G0677;ES00908;0.0;0.0;32.0;1.0;Solar;0.0;0.0
G0678;ES00909;0.0;0.0;20.0;1.0;Solar;0.0;0.0
G0680;ES00910;0.0;0.0;26.3;1.0;Solar;0.0;0.0
G0681;ES00916;0.0;0.0;4.5;1.0;Solar;0.0;0.0
G0683;ES00917;0.0;0.0;65.5;1.0;Solar;0.0;0.0
G0685;ES00918;0.0;0.0;12.6;1.0;Solar;0.0;0.0
G0688;ES00925;0.0;0.0;163.9;1.0;Solar;0.0;0.0
G0689;ES00926;0.0;0.0;93.5;1.0;Solar;0.0;0.0
G0692;ES00928;0.0;0.0;10.2;1.0;Solar;0.0;0.0
G0693;ES00929;0.0;0.0;26.0;1.0;Solar;0.0;0.0
G0694;ES00931;0.0;0.0;1.3;1.0;Solar;0.0;0.0
G0696;ES00933;0.0;0.0;1.5;1.0;Solar;0.0;0.0
G0698;ES00942;0.0;0.0;1.1;1.0;Solar;0.0;0.0
G0699;ES00953;0.0;0.0;16.3;1.0;Solar;0.0;0.0
G0701;ES00955;0.0;0.0;17.799999999999997;1.0;Solar;0.0;0.0
G0702;ES00959;0.0;0.0;50.0;1.0;Solar;0.0;0.0
G0707;ES00963;0.0;0.0;27.8;1.0;Solar;0.0;0.0
G0712;ES00967;0.0;0.0;16.9;1.0;Solar;0.0;0.0
G0714;ES00970;0.0;0.0;14.9;1.0;Solar;0.0;0.0
G0716;ES00971;0.0;0.0;13.700000000000001;1.0;Solar;0.0;0.0
G0719;ES00975;0.0;0.0;6.3;1.0;Solar;0.0;0.0
G0721;ES00976;0.0;0.0;4.8;1.0;Solar;0.0;0.0
G0723;ES00977;0.0;0.0;217.5;1.0;Solar;0.0;0.0
G0729;ES00978;0.0;0.0;58.5;1.0;Solar;0.0;0.0
G0730;ES00979;0.0;0.0;19.7;1.0;Solar;0.0;0.0
G0734;ES00996;0.0;0.0;93.0;1.0;Solar;0.0;0.0
G0738;ES01001;0.0;0.0;7.2;1.0;Solar;0.0;0.0
G0750;ES01038;0.0;0.0;3.3;1.0;Solar;0.0;0.0
G0752;ES01043;0.0;0.0;1.4;1.0;Solar;0.0;0.0
G0757;ES01049;0.0;0.0;1.1;1.0;Solar;0.0;0.0
G0759;ES01051;0.0;0.0;9.1;1.0;Solar;0.0;0.0
G0760;ES01052;0.0;0.0;20.6;1.0;Solar;0.0;0.0
G0763;ES01057;0.0;0.0;71.8;1.0;Solar;0.0;0.0
G0768;ES01061;0.0;0.0;1.8;1.0;Solar;0.0;0.0
G0770;ES01062;0.0;0.0;6.6;1.0;Solar;0.0;0.0
G0774;ES01075;0.0;0.0;46.0;1.0;Solar;0.0;0.0
G0775;ES01076;0.0;0.0;24.8;1.0;Solar;0.0;0.0
G0776;ES01078;0.0;0.0;13.700000000000001;1.0;Solar;0.0;0.0
G0779;ES01086;0.0;0.0;175.1;1.0;Solar;0.0;0.0
G0782;ES01094;0.0;0.0;3.3;1.0;Solar;0.0;0.0
G0785;ES01108;0.0;0.0;15.6;1.0;Solar;0.0;0.0
G0787;ES01112;0.0;0.0;4.4;1.0;Solar;0.0;0.0
G0791;ES01115;0.0;0.0;19.3;1.0;Solar;0.0;0.0
G0793;ES01118;0.0;0.0;57.5;1.0;Solar;0.0;0.0
G0795;ES01120;0.0;0.0;1.8;1.0;Solar;0.0;0.0
G0796;ES01124;0.0;0.0;52.6;1.0;Solar;0.0;0.0
G0797;ES01128;0.0;0.0;86.0;1.0;Solar;0.0;0.0
G0799;ES01129;0.0;0.0;32.4;1.0;Solar;0.0;0.0
G0803;ES01132;0.0;0.0;4.7;1.0;Solar;0.0;0.0
G0806;ES01133;0.0;0.0;3.2;1.0;Solar;0.0;0.0
G0808;ES01134;0.0;0.0;4.2;1.0;Solar;0.0;0.0
G0810;ES01136;0.0;0.0;35.0;1.0;Solar;0.0;0.0
G0813;ES01141;0.0;0.0;16.3;1.0;Solar;0.0;0.0
G0817;ES01143;0.0;0.0;6.2;1.0;Solar;0.0;0.0
G0819;ES01144;0.0;0.0;271.6;1.0;Solar;0.0;0.0
G0820;ES01146;0.0;0.0;33.5;1.0;Solar;0.0;0.0
G0821;ES01147;0.0;0.0;5.5;1.0;Solar;0.0;0.0
G0822;ES01148;0.0;0.0;49.0;1.0;Solar;0.0;0.0
G0824;ES01149;0.0;0.0;3.5;1.0;Solar;0.0;0.0
G0825;ES01150;0.0;0.0;35.8;1.0;Solar;0.0;0.0
G0826;ES01152;0.0;0.0;56.0;1.0;Solar;0.0;0.0
G0827;ES01153;0.0;0.0;50.0;1.0;Solar;0.0;0.0
G0829;ES01154;0.0;0.0;7.0;1.0;Solar;0.0;0.0
G0830;ES01155;0.0;0.0;6.2;1.0;Solar;0.0;0.0
G0831;ES01156;0.0;0.0;1.3;1.0;Solar;0.0;0.0
G0835;ES01160;0.0;0.0;28.0;1.0;Solar;0.0;0.0
G0836;ES01161;0.0;0.0;33.6;1.0;Solar;0.0;0.0
G0837;ES01164;0.0;0.0;91.6;1.0;Solar;0.0;0.0
G0839;ES01165;0.0;0.0;109.6;1.0;Solar;0.0;0.0
G0841;ES01166;0.0;0.0;4.7;1.0;Solar;0.0;0.0
G0842;ES01168;0.0;0.0;2.6;1.0;Solar;0.0;0.0
G0844;ES01170;0.0;0.0;13.3;1.0;Solar;0.0;0.0
G0847;ES01171;0.0;0.0;109.9;1.0;Solar;0.0;0.0
G0849;ES01172;0.0;0.0;2.1;1.0;Solar;0.0;0.0
G0850;ES01173;0.0;0.0;130.5;1.0;Solar;0.0;0.0
G0851;ES01175;0.0;0.0;164.9;1.0;Solar;0.0;0.0
G0854;ES01178;0.0;0.0;59.7;1.0;Solar;0.0;0.0
G0856;ES01180;0.0;0.0;23.8;1.0;Solar;0.0;0.0
G0862;ES01182;0.0;0.0;211.6;1.0;Solar;0.0;0.0
G0866;ES01183;0.0;0.0;169.7;1.0;Solar;0.0;0.0
G0871;ES01193;0.0;0.0;80.0;1.0;Solar;0.0;0.0
G0872;ES01194;0.0;0.0;1.5;1.0;Solar;0.0;0.0
G0873;ES01196;0.0;0.0;99.8;1.0;Solar;0.0;0.0
G0874;ES01197;0.0;0.0;90.4;1.0;Solar;0.0;0.0
G0876;ES01200;0.0;0.0;6.3;1.0;Solar;0.0;0.0
G0877;ES01205;0.0;0.0;5.1;1.0;Solar;0.0;0.0
G0878;ES01208;0.0;0.0;668.3;1.0;Solar;0.0;0.0
G0879;ES01209;0.0;0.0;395.4;1.0;Solar;0.0;0.0
G0881;ES01210;0.0;0.0;378.8;1.0;Solar;0.0;0.0
G0882;ES01211;0.0;0.0;5.0;1.0;Solar;0.0;0.0
G0883;ES01212;0.0;0.0;82.3;1.0;Solar;0.0;0.0
G0884;ES01213;0.0;0.0;7.2;1.0;Solar;0.0;0.0
G0886;ES01214;0.0;0.0;3.3;1.0;Solar;0.0;0.0
G0889;ES01217;0.0;0.0;321.1;1.0;Solar;0.0;0.0
G0892;ES01220;0.0;0.0;8.0;1.0;Solar;0.0;0.0
G0894;ES01221;0.0;0.0;305.4;1.0;Solar;0.0;0.0
G0895;ES01223;0.0;0.0;553.0;1.0;Solar;0.0;0.0
G0896;ES01225;0.0;0.0;616.6;1.0;Solar;0.0;0.0
G0897;ES01226;0.0;0.0;191.6;1.0;Solar;0.0;0.0
G0899;ES01227;0.0;0.0;2.6;1.0;Solar;0.0;0.0
G0904;ES01232;0.0;0.0;1.3;1.0;Solar;0.0;0.0
G0905;ES01235;0.0;0.0;1.0;1.0;Solar;0.0;0.0
G0913;ES01244;0.0;0.0;12.1;1.0;Solar;0.0;0.0
G0916;ES01245;0.0;0.0;1.1;1.0;Solar;0.0;0.0
G0917;ES01247;0.0;0.0;5.699999999999999;1.0;Solar;0.0;0.0
G0918;ES01248;0.0;0.0;51.4;1.0;Solar;0.0;0.0
G0919;ES01249;0.0;0.0;150.0;1.0;Solar;0.0;0.0
G0920;ES01250;0.0;0.0;160.8;1.0;Solar;0.0;0.0
G0921;ES01251;0.0;0.0;110.7;1.0;Solar;0.0;0.0
G0922;ES01252;0.0;0.0;193.6;1.0;Solar;0.0;0.0
G0924;ES01253;0.0;0.0;20.8;1.0;Solar;0.0;0.0
G0926;ES01257;0.0;0.0;139.9;1.0;Solar;0.0;0.0
G0927;ES01259;0.0;0.0;1210.7;1.0;Solar;0.0;0.0
G0225;ES00317;0.0;0.0;492500.0;1.0;Hydro|run_of_river;0.0;0.0
G0928;ES00544;0.0;0.0;7250.0;1.0;Hydro|run_of_river;0.0;0.0
G0929;ES01042;0.0;0.0;44000.0;1.0;Hydro|run_of_river;0.0;0.0
G0930;ES01042;0.0;0.0;75000.0;1.0;Hydro|run_of_river;0.0;0.0
G0931;ES00315;0.0;0.0;216250.0;1.0;Hydro|run_of_river;0.0;0.0
G0932;ES00846;0.0;0.0;21000.0;1.0;Hydro|run_of_river;0.0;0.0
G0933;ES01214;0.0;0.0;5800.0;1.0;Hydro|run_of_river;0.0;0.0
G0934;ES00214;0.0;0.0;3920.0;1.0;Hydro|run_of_river;0.0;0.0
G0935;ES00891;0.0;0.0;9250.0;1.0;Hydro|run_of_river;0.0;0.0
G0936;ES01042;0.0;0.0;206100.0;1.0;Hydro|run_of_river;0.0;0.0
G0937;ES00785;0.0;0.0;24000.0;1.0;Hydro|run_of_river;0.0;0.0
G0938;ES00867;0.0;0.0;24000.0;1.0;Hydro|run_of_river;0.0;0.0
G0939;ES01133;0.0;0.0;11250.0;1.0;Hydro|run_of_river;0.0;0.0
G0940;ES00934;0.0;0.0;32000.0;1.0;Hydro|run_of_river;0.0;0.0
G0941;ES00597;0.0;0.0;12250.0;1.0;Hydro|run_of_river;0.0;0.0
G0942;ES00012;0.0;0.0;1750.0;1.0;Hydro|run_of_river;0.0;0.0
G0943;ES00518;0.0;0.0;26000.0;1.0;Hydro|run_of_river;0.0;0.0
G0944;ES00963;0.0;0.0;12500.0;1.0;Hydro|run_of_river;0.0;0.0
G0945;ES00737;0.0;0.0;3750.0;1.0;Hydro|run_of_river;0.0;0.0
G0946;ES00641;0.0;0.0;125.0;1.0;Hydro|run_of_river;0.0;0.0
G0947;ES00933;0.0;0.0;9500.0;1.0;Hydro|run_of_river;0.0;0.0
G0948;ES00934;0.0;0.0;32000.0;1.0;Hydro|run_of_river;0.0;0.0
G0949;ES00214;0.0;0.0;1132.5;1.0;Hydro|run_of_river;0.0;0.0
G0950;ES00083;0.0;0.0;5250.0;1.0;Hydro|run_of_river;0.0;0.0
G0951;ES01039;0.0;0.0;6750.0;1.0;Hydro|run_of_river;0.0;0.0
G0952;ES01133;0.0;0.0;12500.0;1.0;Hydro|run_of_river;0.0;0.0
G0953;ES00304;0.0;0.0;18000.0;1.0;Hydro|run_of_river;0.0;0.0
G0954;ES01042;0.0;0.0;27250.0;1.0;Hydro|run_of_river;0.0;0.0
G0955;ES00034;0.0;0.0;12500.0;1.0;Hydro|run_of_river;0.0;0.0
G0956;ES00401;0.0;0.0;20800.0;1.0;Hydro|run_of_river;0.0;0.0
G0957;ES00500;0.0;0.0;13500.0;1.0;Hydro|run_of_river;0.0;0.0
G0958;ES00179;0.0;0.0;32000.0;1.0;Hydro|run_of_river;0.0;0.0
G0959;ES01042;0.0;0.0;17000.0;1.0;Hydro|run_of_river;0.0;0.0
G0960;ES01142;0.0;0.0;12500.0;1.0;Hydro|run_of_river;0.0;0.0
G0961;ES00401;0.0;0.0;37500.0;1.0;Hydro|run_of_river;0.0;0.0
G0962;ES00518;0.0;0.0;33000.0;1.0;Hydro|run_of_river;0.0;0.0
G0963;ES00215;0.0;0.0;38000.0;1.0;Hydro|run_of_river;0.0;0.0
G0964;ES00933;0.0;0.0;7475.000000000001;1.0;Hydro|run_of_river;0.0;0.0
G0965;ES00849;0.0;0.0;7875.0;1.0;Hydro|run_of_river;0.0;0.0
G0966;ES01042;0.0;0.0;750.0;1.0;Hydro|run_of_river;0.0;0.0
G0967;ES00215;0.0;0.0;2750.0;1.0;Hydro|run_of_river;0.0;0.0
G0968;ES00383;0.0;0.0;1500.0;1.0;Hydro|run_of_river;0.0;0.0
G0969;ES00383;0.0;0.0;5750.0;1.0;Hydro|run_of_river;0.0;0.0
G0970;ES00034;0.0;0.0;32000.0;1.0;Hydro|run_of_river;0.0;0.0
G0971;ES00785;0.0;0.0;24000.0;1.0;Hydro|run_of_river;0.0;0.0
G0972;ES00791;0.0;0.0;25000.0;1.0;Hydro|run_of_river;0.0;0.0
G0973;ES00938;0.0;0.0;6500.0;1.0;Hydro|run_of_river;0.0;0.0
G0002;ES00007;0.0;0.0;50.0;1.0;Solar;0.0;0.0
G0003;ES00007;0.0;0.0;50.0;1.0;Solar;0.0;0.0
G0007;ES00009;0.0;0.0;50.0;1.0;Solar;0.0;0.0
G0008;ES00009;0.0;0.0;49.9;1.0;Solar;0.0;0.0
G0127;ES00197;0.0;0.0;50.0;1.0;Solar;0.0;0.0
G0128;ES00197;0.0;0.0;50.0;1.0;Solar;0.0;0.0
G0129;ES00197;0.0;0.0;50.0;1.0;Solar;0.0;0.0
G0177;ES00274;0.0;0.0;1.4;1.0;Solar;0.0;0.0
G0178;ES00274;0.0;0.0;30.0;1.0;Solar;0.0;0.0
G0240;ES00333;0.0;0.0;50.0;1.0;Solar;0.0;0.0
G0243;ES00335;0.0;0.0;30.0;1.0;Solar;0.0;0.0
G0249;ES00343;0.0;0.0;20.0;1.0;Solar;0.0;0.0
G0250;ES00343;0.0;0.0;11.0;1.0;Solar;0.0;0.0
G0344;ES00446;0.0;0.0;24.2;1.0;Solar;0.0;0.0
G0389;ES00493;0.0;0.0;50.0;1.0;Solar;0.0;0.0
G0390;ES00493;0.0;0.0;50.0;1.0;Solar;0.0;0.0
G0405;ES00510;0.0;0.0;49.9;1.0;Solar;0.0;0.0
G0427;ES00537;0.0;0.0;49.9;1.0;Solar;0.0;0.0
G0431;ES00539;0.0;0.0;50.0;1.0;Solar;0.0;0.0
G0432;ES00540;0.0;0.0;50.0;1.0;Solar;0.0;0.0
G0473;ES00613;0.0;0.0;50.0;1.0;Solar;0.0;0.0
G0495;ES00645;0.0;0.0;49.9;1.0;Solar;0.0;0.0
G0603;ES00816;0.0;0.0;50.0;1.0;Solar;0.0;0.0
G0605;ES00816;0.0;0.0;49.9;1.0;Solar;0.0;0.0
G0606;ES00816;0.0;0.0;49.9;1.0;Solar;0.0;0.0
G0609;ES00820;0.0;0.0;49.9;1.0;Solar;0.0;0.0
G0618;ES00835;0.0;0.0;50.0;1.0;Solar;0.0;0.0
G0619;ES00835;0.0;0.0;50.0;1.0;Solar;0.0;0.0
G0620;ES00835;0.0;0.0;50.0;1.0;Solar;0.0;0.0
G0632;ES00846;0.0;0.0;50.0;1.0;Solar;0.0;0.0
G0633;ES00846;0.0;0.0;50.0;1.0;Solar;0.0;0.0
G0679;ES00909;0.0;0.0;50.0;1.0;Solar;0.0;0.0
G0682;ES00917;0.0;0.0;45.1;1.0;Solar;0.0;0.0
G0720;ES00976;0.0;0.0;50.0;1.0;Solar;0.0;0.0
G0722;ES00977;0.0;0.0;49.9;1.0;Solar;0.0;0.0
G0724;ES00977;0.0;0.0;50.0;1.0;Solar;0.0;0.0
G0725;ES00977;0.0;0.0;19.9;1.0;Solar;0.0;0.0
G0726;ES00977;0.0;0.0;50.0;1.0;Solar;0.0;0.0
G0727;ES00977;0.0;0.0;110.0;1.0;Solar;0.0;0.0
G0764;ES01058;0.0;0.0;49.9;1.0;Solar;0.0;0.0
G0766;ES01060;0.0;0.0;50.0;1.0;Solar;0.0;0.0
G0767;ES01060;0.0;0.0;50.0;1.0;Solar;0.0;0.0
G0769;ES01062;0.0;0.0;50.0;1.0;Solar;0.0;0.0
G0772;ES01062;0.0;0.0;50.0;1.0;Solar;0.0;0.0
G0828;ES01153;0.0;0.0;49.9;1.0;Solar;0.0;0.0
G0858;ES01181;0.0;0.0;50.0;1.0;Solar;0.0;0.0
G0859;ES01181;0.0;0.0;50.0;1.0;Solar;0.0;0.0
G0860;ES01181;0.0;0.0;50.0;1.0;Solar;0.0;0.0
G0861;ES01181;0.0;0.0;50.0;1.0;Solar;0.0;0.0
G0863;ES01182;0.0;0.0;49.9;1.0;Solar;0.0;0.0
G0864;ES01182;0.0;0.0;49.9;1.0;Solar;0.0;0.0
G0865;ES01182;0.0;0.0;49.9;1.0;Solar;0.0;0.0
G0923;ES01253;0.0;0.0;50.0;1.0;Solar;0.0;0.0
G0019;ES00034;0.0;0.0;314.0;0.866;Hydro|pumped_storage;314.0;31400.0
G0070;ES00128;0.0;0.0;1229.0;0.866;Hydro|pumped_storage;1229.0;122900.0
G0095;ES00166;0.0;0.0;378.0;0.866;Hydro|pumped_storage;378.0;37800.0
G0104;ES00179;0.0;0.0;572.0;0.866;Hydro|pumped_storage;572.0;57200.0
G0155;ES00241;0.0;0.0;1338.0;0.866;Hydro|pumped_storage;1338.0;133800.0
G0162;ES00246;0.0;0.0;657.0;0.866;Hydro|pumped_storage;657.0;65700.0
G0281;ES00366;0.0;0.0;963.0;0.866;Hydro|pumped_storage;963.0;96300.0
G0302;ES00389;0.0;0.0;334.0;0.866;Hydro|pumped_storage;334.0;33400.0
G0323;ES00407;0.0;0.0;200.0;0.866;Hydro|pumped_storage;200.0;20000.0
G0563;ES00733;0.0;0.0;187.0;0.866;Hydro|pumped_storage;187.0;18700.0
G0656;ES00890;0.0;0.0;667.0;0.866;Hydro|pumped_storage;667.0;66700.0
G0657;ES00891;0.0;0.0;332.0;0.866;Hydro|pumped_storage;332.0;33200.0
G0705;ES00962;0.0;0.0;133.0;0.866;Hydro|pumped_storage;133.0;13300.0
G0740;ES01008;0.0;0.0;326.0;0.866;Hydro|pumped_storage;326.0;32600.0
G0853;ES01176;0.0;0.0;546.0;0.866;Hydro|pumped_storage;546.0;54600.0
G0021;ES00036;30.777120727178996;0.0;158.0;0.0;Hydro|reservoir;158.0;220461.54991836735
G0029;ES00056;30.777120727178996;0.0;265.0;0.0;Hydro|reservoir;265.0;369761.4603061225
G0030;ES00056;30.777120727178996;0.0;234.0;0.0;Hydro|reservoir;234.0;326506.34608163266
G0031;ES00057;30.777120727178996;0.0;1452.0;0.0;Hydro|reservoir;1452.0;2.02601373722449e6
G0057;ES00099;30.777120727178996;0.0;758.0;0.0;Hydro|reservoir;758.0;1.057657309102041e6
G0064;ES00112;30.777120727178996;0.0;331.0;0.0;Hydro|reservoir;331.0;461852.99381632655
G0094;ES00161;30.777120727178996;0.0;200.0;0.0;Hydro|reservoir;200.0;279065.25306122453
G0135;ES00204;30.777120727178996;0.0;341.0;0.0;Hydro|reservoir;341.0;475806.2564693878
G0156;ES00242;30.777120727178996;0.0;185.0;0.0;Hydro|reservoir;185.0;258135.35908163266
G0158;ES00242;30.777120727178996;0.0;185.0;0.0;Hydro|reservoir;185.0;258135.35908163266
G0161;ES00246;30.777120727178996;0.0;1229.0;0.0;Hydro|reservoir;1229.0;1.7148559800612247e6
G0214;ES00305;30.777120727178996;0.0;194.0;0.0;Hydro|reservoir;194.0;270693.2954693877
G0221;ES00313;30.777120727178996;0.0;285.0;0.0;Hydro|reservoir;285.0;397667.9856122449
G0222;ES00313;30.777120727178996;0.0;399.0;0.0;Hydro|reservoir;399.0;556735.1798571429
G0224;ES00316;30.777120727178996;0.0;115.0;0.0;Hydro|reservoir;115.0;160462.5205102041
G0226;ES00319;30.777120727178996;0.0;132.0;0.0;Hydro|reservoir;132.0;184183.06702040817
G0232;ES00326;30.777120727178996;0.0;408.0;0.0;Hydro|reservoir;408.0;569293.116244898
G0233;ES00326;30.777120727178996;0.0;381.0;0.0;Hydro|reservoir;381.0;531619.3070816327
G0280;ES00366;30.777120727178996;0.0;373.0;0.0;Hydro|reservoir;373.0;520456.6969591837
G0289;ES00372;30.777120727178996;0.0;400.0;0.0;Hydro|reservoir;400.0;558130.5061224491
G0293;ES00379;30.777120727178996;0.0;488.0;0.0;Hydro|reservoir;488.0;680919.2174693878
G0342;ES00445;30.777120727178996;0.0;162.0;0.0;Hydro|reservoir;162.0;226042.85497959185
G0369;ES00475;30.777120727178996;0.0;273.0;0.0;Hydro|reservoir;273.0;380924.0704285715
G0398;ES00498;30.777120727178996;0.0;117.0;0.0;Hydro|reservoir;117.0;163253.17304081633
G0437;ES00547;30.777120727178996;0.0;478.0;0.0;Hydro|reservoir;478.0;666965.9548163265
G0444;ES00553;30.777120727178996;0.0;243.0;0.0;Hydro|reservoir;243.0;339064.2824693878
G0458;ES00574;30.777120727178996;0.0;129.0;0.0;Hydro|reservoir;129.0;179997.0882244898
G0594;ES00801;30.777120727178996;0.0;275.0;0.0;Hydro|reservoir;275.0;383714.72295918374
G0602;ES00812;30.777120727178996;0.0;171.0;0.0;Hydro|reservoir;171.0;238600.79136734694
G0637;ES00853;30.777120727178996;0.0;167.0;0.0;Hydro|reservoir;167.0;233019.48630612248
G0651;ES00878;30.777120727178996;0.0;135.0;0.0;Hydro|reservoir;135.0;188369.04581632654
G0674;ES00906;30.777120727178996;0.0;123.0;0.0;Hydro|reservoir;123.0;171625.13063265308
G0706;ES00962;30.777120727178996;0.0;181.0;0.0;Hydro|reservoir;181.0;252554.0540204082
G0709;ES00964;30.777120727178996;0.0;133.0;0.0;Hydro|reservoir;133.0;185578.3932857143
G0741;ES01008;30.777120727178996;0.0;410.0;0.0;Hydro|reservoir;410.0;572083.7687755101
G0743;ES01014;30.777120727178996;0.0;123.0;0.0;Hydro|reservoir;123.0;171625.13063265308
G0912;ES01243;30.777120727178996;0.0;127.0;0.0;Hydro|reservoir;127.0;177206.43569387757
