Countries;Continent;NodeSusceptance;NodeConductance;NodeMinVoltage;NodeMaxVoltage
ES00001;Continent;0.0;0.0;198.0;242.00000000000003
ES00002;Continent;0.0;0.0;198.0;242.00000000000003
ES00003;Continent;0.0;0.0;198.0;242.00000000000003
ES00004;Continent;0.0;0.0;360.0;440.00000000000006
ES00005;Continent;0.0;0.0;198.0;242.00000000000003
ES00006;Continent;0.0;0.0;198.0;242.00000000000003
ES00007;Continent;0.0;0.0;360.0;440.00000000000006
ES00008;Continent;0.0;0.0;198.0;242.00000000000003
ES00009;Continent;0.0;0.0;360.0;440.00000000000006
ES00010;Continent;0.0;0.0;360.0;440.00000000000006
ES00011;Continent;0.0;0.0;198.0;242.00000000000003
ES00012;Continent;0.0;0.0;360.0;440.00000000000006
ES00013;Continent;0.0;0.0;198.0;242.00000000000003
ES00014;Continent;0.0;0.0;360.0;440.00000000000006
ES00015;Continent;0.0;0.0;198.0;242.00000000000003
ES00016;Continent;0.0;0.0;198.0;242.00000000000003
ES00017;Continent;0.0;0.0;360.0;440.00000000000006
ES00018;Continent;0.0;0.0;198.0;242.00000000000003
ES00019;Continent;0.0;0.0;360.0;440.00000000000006
ES00020;Continent;0.0;0.0;198.0;242.00000000000003
ES00021;Continent;0.0;0.0;360.0;440.00000000000006
ES00022;Continent;0.0;0.0;198.0;242.00000000000003
ES00023;Continent;0.0;0.0;198.0;242.00000000000003
ES00024;Continent;0.0;0.0;198.0;242.00000000000003
ES00025;Continent;0.0;0.0;198.0;242.00000000000003
ES00026;Continent;0.0;0.0;198.0;242.00000000000003
ES00027;Continent;0.0;0.0;198.0;242.00000000000003
ES00028;Continent;0.0;0.0;198.0;242.00000000000003
ES00029;Continent;0.0;0.0;360.0;440.00000000000006
ES00030;Continent;0.0;0.0;198.0;242.00000000000003
ES00031;Continent;0.0;0.0;360.0;440.00000000000006
ES00032;Continent;0.0;0.0;198.0;242.00000000000003
ES00033;Continent;0.0;0.0;360.0;440.00000000000006
ES00034;Continent;0.0;0.0;198.0;242.00000000000003
ES00035;Continent;0.0;0.0;360.0;440.00000000000006
ES00036;Continent;0.0;0.0;360.0;440.00000000000006
ES00037;Continent;0.0;0.0;360.0;440.00000000000006
ES00038;Continent;0.0;0.0;198.0;242.00000000000003
ES00039;Continent;0.0;0.0;360.0;440.00000000000006
ES00040;Continent;0.0;0.0;198.0;242.00000000000003
ES00041;Continent;0.0;0.0;360.0;440.00000000000006
ES00042;Continent;0.0;0.0;198.0;242.00000000000003
ES00043;Continent;0.0;0.0;360.0;440.00000000000006
ES00044;Continent;0.0;0.0;198.0;242.00000000000003
ES00045;Continent;0.0;0.0;198.0;242.00000000000003
ES00046;Continent;0.0;0.0;360.0;440.00000000000006
ES00047;Continent;0.0;0.0;198.0;242.00000000000003
ES00048;Continent;0.0;0.0;198.0;242.00000000000003
ES00049;Continent;0.0;0.0;198.0;242.00000000000003
ES00050;Continent;0.0;0.0;360.0;440.00000000000006
ES00051;Continent;0.0;0.0;198.0;242.00000000000003
ES00052;Continent;0.0;0.0;198.0;242.00000000000003
ES00053;Continent;0.0;0.0;360.0;440.00000000000006
ES00054;Continent;0.0;0.0;198.0;242.00000000000003
ES00055;Continent;0.0;0.0;360.0;440.00000000000006
ES00056;Continent;0.0;0.0;198.0;242.00000000000003
ES00057;Continent;0.0;0.0;198.0;242.00000000000003
ES00058;Continent;0.0;0.0;360.0;440.00000000000006
ES00059;Continent;0.0;0.0;198.0;242.00000000000003
ES00060;Continent;0.0;0.0;198.0;242.00000000000003
ES00061;Continent;0.0;0.0;360.0;440.00000000000006
ES00062;Continent;0.0;0.0;360.0;440.00000000000006
ES00063;Continent;0.0;0.0;198.0;242.00000000000003
ES00064;Continent;0.0;0.0;360.0;440.00000000000006
ES00065;Continent;0.0;0.0;198.0;242.00000000000003
ES00066;Continent;0.0;0.0;360.0;440.00000000000006
ES00067;Continent;0.0;0.0;360.0;440.00000000000006
ES00068;Continent;0.0;0.0;360.0;440.00000000000006
ES00069;Continent;0.0;0.0;360.0;440.00000000000006
ES00070;Continent;0.0;0.0;198.0;242.00000000000003
ES00071;Continent;0.0;0.0;360.0;440.00000000000006
ES00072;Continent;0.0;0.0;360.0;440.00000000000006
ES00073;Continent;0.0;0.0;198.0;242.00000000000003
ES00074;Continent;0.0;0.0;360.0;440.00000000000006
ES00075;Continent;0.0;0.0;360.0;440.00000000000006
ES00076;Continent;0.0;0.0;360.0;440.00000000000006
ES00077;Continent;0.0;0.0;118.8;145.20000000000002
ES00078;Continent;0.0;0.0;198.0;242.00000000000003
ES00079;Continent;0.0;0.0;360.0;440.00000000000006
ES00080;Continent;0.0;0.0;360.0;440.00000000000006
ES00081;Continent;0.0;0.0;198.0;242.00000000000003
ES00082;Continent;0.0;0.0;360.0;440.00000000000006
ES00083;Continent;0.0;0.0;198.0;242.00000000000003
ES00084;Continent;0.0;0.0;360.0;440.00000000000006
ES00085;Continent;0.0;0.0;360.0;440.00000000000006
ES00086;Continent;0.0;0.0;198.0;242.00000000000003
ES00087;Continent;0.0;0.0;198.0;242.00000000000003
ES00088;Continent;0.0;0.0;198.0;242.00000000000003
ES00089;Continent;0.0;0.0;360.0;440.00000000000006
ES00090;Continent;0.0;0.0;118.8;145.20000000000002
ES00091;Continent;0.0;0.0;198.0;242.00000000000003
ES00092;Continent;0.0;0.0;360.0;440.00000000000006
ES00093;Continent;0.0;0.0;198.0;242.00000000000003
ES00094;Continent;0.0;0.0;198.0;242.00000000000003
ES00095;Continent;0.0;0.0;198.0;242.00000000000003
ES00096;Continent;0.0;0.0;198.0;242.00000000000003
ES00097;Continent;0.0;0.0;198.0;242.00000000000003
ES00098;Continent;0.0;0.0;360.0;440.00000000000006
ES00099;Continent;0.0;0.0;360.0;440.00000000000006
ES00100;Continent;0.0;0.0;198.0;242.00000000000003
ES00101;Continent;0.0;0.0;198.0;242.00000000000003
ES00102;Continent;0.0;0.0;198.0;242.00000000000003
ES00103;Continent;0.0;0.0;198.0;242.00000000000003
ES00104;Continent;0.0;0.0;360.0;440.00000000000006
ES00105;Continent;0.0;0.0;198.0;242.00000000000003
ES00106;Continent;0.0;0.0;198.0;242.00000000000003
ES00107;Continent;0.0;0.0;198.0;242.00000000000003
ES00108;Continent;0.0;0.0;198.0;242.00000000000003
ES00109;Continent;0.0;0.0;198.0;242.00000000000003
ES00110;Continent;0.0;0.0;360.0;440.00000000000006
ES00111;Continent;0.0;0.0;360.0;440.00000000000006
ES00112;Continent;0.0;0.0;198.0;242.00000000000003
ES00113;Continent;0.0;0.0;118.8;145.20000000000002
ES00114;Continent;0.0;0.0;198.0;242.00000000000003
ES00115;Continent;0.0;0.0;360.0;440.00000000000006
ES00116;Continent;0.0;0.0;198.0;242.00000000000003
ES00117;Continent;0.0;0.0;198.0;242.00000000000003
ES00118;Continent;0.0;0.0;360.0;440.00000000000006
ES00119;Continent;0.0;0.0;198.0;242.00000000000003
ES00120;Continent;0.0;0.0;118.8;145.20000000000002
ES00121;Continent;0.0;0.0;198.0;242.00000000000003
ES00122;Continent;0.0;0.0;360.0;440.00000000000006
ES00123;Continent;0.0;0.0;198.0;242.00000000000003
ES00124;Continent;0.0;0.0;360.0;440.00000000000006
ES00125;Continent;0.0;0.0;198.0;242.00000000000003
ES00126;Continent;0.0;0.0;360.0;440.00000000000006
ES00127;Continent;0.0;0.0;198.0;242.00000000000003
ES00128;Continent;0.0;0.0;360.0;440.00000000000006
ES00129;Continent;0.0;0.0;198.0;242.00000000000003
ES00130;Continent;0.0;0.0;360.0;440.00000000000006
ES00131;Continent;0.0;0.0;198.0;242.00000000000003
ES00132;Continent;0.0;0.0;198.0;242.00000000000003
ES00134;Continent;0.0;0.0;198.0;242.00000000000003
ES00135;Continent;0.0;0.0;360.0;440.00000000000006
ES00136;Continent;0.0;0.0;198.0;242.00000000000003
ES00137;Continent;0.0;0.0;360.0;440.00000000000006
ES00140;Continent;0.0;0.0;198.0;242.00000000000003
ES00141;Continent;0.0;0.0;198.0;242.00000000000003
ES00142;Continent;0.0;0.0;198.0;242.00000000000003
ES00143;Continent;0.0;0.0;198.0;242.00000000000003
ES00144;Continent;0.0;0.0;198.0;242.00000000000003
ES00145;Continent;0.0;0.0;198.0;242.00000000000003
ES00146;Continent;0.0;0.0;360.0;440.00000000000006
ES00147;Continent;0.0;0.0;198.0;242.00000000000003
ES00148;Continent;0.0;0.0;360.0;440.00000000000006
ES00149;Continent;0.0;0.0;198.0;242.00000000000003
ES00150;Continent;0.0;0.0;360.0;440.00000000000006
ES00151;Continent;0.0;0.0;198.0;242.00000000000003
ES00152;Continent;0.0;0.0;198.0;242.00000000000003
ES00153;Continent;0.0;0.0;360.0;440.00000000000006
ES00154;Continent;0.0;0.0;198.0;242.00000000000003
ES00155;Continent;0.0;0.0;198.0;242.00000000000003
ES00156;Continent;0.0;0.0;198.0;242.00000000000003
ES00157;Continent;0.0;0.0;360.0;440.00000000000006
ES00158;Continent;0.0;0.0;198.0;242.00000000000003
ES00159;Continent;0.0;0.0;360.0;440.00000000000006
ES00160;Continent;0.0;0.0;198.0;242.00000000000003
ES00161;Continent;0.0;0.0;198.0;242.00000000000003
ES00162;Continent;0.0;0.0;198.0;242.00000000000003
ES00163;Continent;0.0;0.0;360.0;440.00000000000006
ES00164;Continent;0.0;0.0;198.0;242.00000000000003
ES00165;Continent;0.0;0.0;360.0;440.00000000000006
ES00166;Continent;0.0;0.0;198.0;242.00000000000003
ES00167;Continent;0.0;0.0;118.8;145.20000000000002
ES00168;Continent;0.0;0.0;198.0;242.00000000000003
ES00169;Continent;0.0;0.0;198.0;242.00000000000003
ES00170;Continent;0.0;0.0;198.0;242.00000000000003
ES00171;Continent;0.0;0.0;360.0;440.00000000000006
ES00172;Continent;0.0;0.0;198.0;242.00000000000003
ES00173;Continent;0.0;0.0;198.0;242.00000000000003
ES00174;Continent;0.0;0.0;360.0;440.00000000000006
ES00175;Continent;0.0;0.0;198.0;242.00000000000003
ES00176;Continent;0.0;0.0;360.0;440.00000000000006
ES00177;Continent;0.0;0.0;360.0;440.00000000000006
ES00178;Continent;0.0;0.0;198.0;242.00000000000003
ES00179;Continent;0.0;0.0;360.0;440.00000000000006
ES00180;Continent;0.0;0.0;198.0;242.00000000000003
ES00181;Continent;0.0;0.0;360.0;440.00000000000006
ES00182;Continent;0.0;0.0;360.0;440.00000000000006
ES00183;Continent;0.0;0.0;198.0;242.00000000000003
ES00184;Continent;0.0;0.0;360.0;440.00000000000006
ES00185;Continent;0.0;0.0;198.0;242.00000000000003
ES00186;Continent;0.0;0.0;360.0;440.00000000000006
ES00187;Continent;0.0;0.0;198.0;242.00000000000003
ES00188;Continent;0.0;0.0;360.0;440.00000000000006
ES00189;Continent;0.0;0.0;198.0;242.00000000000003
ES00190;Continent;0.0;0.0;360.0;440.00000000000006
ES00191;Continent;0.0;0.0;198.0;242.00000000000003
ES00192;Continent;0.0;0.0;198.0;242.00000000000003
ES00193;Continent;0.0;0.0;198.0;242.00000000000003
ES00194;Continent;0.0;0.0;360.0;440.00000000000006
ES00195;Continent;0.0;0.0;198.0;242.00000000000003
ES00196;Continent;0.0;0.0;360.0;440.00000000000006
ES00197;Continent;0.0;0.0;198.0;242.00000000000003
ES00198;Continent;0.0;0.0;198.0;242.00000000000003
ES00199;Continent;0.0;0.0;198.0;242.00000000000003
ES00200;Continent;0.0;0.0;198.0;242.00000000000003
ES00201;Continent;0.0;0.0;198.0;242.00000000000003
ES00202;Continent;0.0;0.0;198.0;242.00000000000003
ES00203;Continent;0.0;0.0;360.0;440.00000000000006
ES00204;Continent;0.0;0.0;198.0;242.00000000000003
ES00205;Continent;0.0;0.0;198.0;242.00000000000003
ES00206;Continent;0.0;0.0;360.0;440.00000000000006
ES00207;Continent;0.0;0.0;198.0;242.00000000000003
ES00208;Continent;0.0;0.0;360.0;440.00000000000006
ES00209;Continent;0.0;0.0;198.0;242.00000000000003
ES00210;Continent;0.0;0.0;198.0;242.00000000000003
ES00211;Continent;0.0;0.0;360.0;440.00000000000006
ES00212;Continent;0.0;0.0;198.0;242.00000000000003
ES00213;Continent;0.0;0.0;198.0;242.00000000000003
ES00214;Continent;0.0;0.0;360.0;440.00000000000006
ES00215;Continent;0.0;0.0;198.0;242.00000000000003
ES00216;Continent;0.0;0.0;198.0;242.00000000000003
ES00217;Continent;0.0;0.0;198.0;242.00000000000003
ES00218;Continent;0.0;0.0;198.0;242.00000000000003
ES00219;Continent;0.0;0.0;198.0;242.00000000000003
ES00220;Continent;0.0;0.0;198.0;242.00000000000003
ES00221;Continent;0.0;0.0;360.0;440.00000000000006
ES00222;Continent;0.0;0.0;198.0;242.00000000000003
ES00223;Continent;0.0;0.0;198.0;242.00000000000003
ES00224;Continent;0.0;0.0;360.0;440.00000000000006
ES00225;Continent;0.0;0.0;198.0;242.00000000000003
ES00226;Continent;0.0;0.0;360.0;440.00000000000006
ES00227;Continent;0.0;0.0;198.0;242.00000000000003
ES00228;Continent;0.0;0.0;198.0;242.00000000000003
ES00229;Continent;0.0;0.0;360.0;440.00000000000006
ES00230;Continent;0.0;0.0;198.0;242.00000000000003
ES00231;Continent;0.0;0.0;198.0;242.00000000000003
ES00232;Continent;0.0;0.0;198.0;242.00000000000003
ES00233;Continent;0.0;0.0;198.0;242.00000000000003
ES00234;Continent;0.0;0.0;198.0;242.00000000000003
ES00235;Continent;0.0;0.0;118.8;145.20000000000002
ES00236;Continent;0.0;0.0;198.0;242.00000000000003
ES00237;Continent;0.0;0.0;198.0;242.00000000000003
ES00238;Continent;0.0;0.0;360.0;440.00000000000006
ES00239;Continent;0.0;0.0;198.0;242.00000000000003
ES00240;Continent;0.0;0.0;360.0;440.00000000000006
ES00241;Continent;0.0;0.0;360.0;440.00000000000006
ES00242;Continent;0.0;0.0;360.0;440.00000000000006
ES00243;Continent;0.0;0.0;198.0;242.00000000000003
ES00244;Continent;0.0;0.0;360.0;440.00000000000006
ES00245;Continent;0.0;0.0;198.0;242.00000000000003
ES00246;Continent;0.0;0.0;360.0;440.00000000000006
ES00247;Continent;0.0;0.0;118.8;145.20000000000002
ES00248;Continent;0.0;0.0;198.0;242.00000000000003
ES00249;Continent;0.0;0.0;118.8;145.20000000000002
ES00250;Continent;0.0;0.0;198.0;242.00000000000003
ES00251;Continent;0.0;0.0;360.0;440.00000000000006
ES00252;Continent;0.0;0.0;118.8;145.20000000000002
ES00253;Continent;0.0;0.0;198.0;242.00000000000003
ES00254;Continent;0.0;0.0;118.8;145.20000000000002
ES00255;Continent;0.0;0.0;198.0;242.00000000000003
ES00256;Continent;0.0;0.0;118.8;145.20000000000002
ES00257;Continent;0.0;0.0;198.0;242.00000000000003
ES00258;Continent;0.0;0.0;118.8;145.20000000000002
ES00259;Continent;0.0;0.0;198.0;242.00000000000003
ES00260;Continent;0.0;0.0;118.8;145.20000000000002
ES00261;Continent;0.0;0.0;198.0;242.00000000000003
ES00262;Continent;0.0;0.0;118.8;145.20000000000002
ES00263;Continent;0.0;0.0;198.0;242.00000000000003
ES00264;Continent;0.0;0.0;360.0;440.00000000000006
ES00265;Continent;0.0;0.0;198.0;242.00000000000003
ES00266;Continent;0.0;0.0;198.0;242.00000000000003
ES00267;Continent;0.0;0.0;360.0;440.00000000000006
ES00268;Continent;0.0;0.0;118.8;145.20000000000002
ES00269;Continent;0.0;0.0;198.0;242.00000000000003
ES00270;Continent;0.0;0.0;360.0;440.00000000000006
ES00271;Continent;0.0;0.0;360.0;440.00000000000006
ES00272;Continent;0.0;0.0;360.0;440.00000000000006
ES00273;Continent;0.0;0.0;198.0;242.00000000000003
ES00274;Continent;0.0;0.0;360.0;440.00000000000006
ES00275;Continent;0.0;0.0;198.0;242.00000000000003
ES00276;Continent;0.0;0.0;360.0;440.00000000000006
ES00277;Continent;0.0;0.0;360.0;440.00000000000006
ES00278;Continent;0.0;0.0;198.0;242.00000000000003
ES00279;Continent;0.0;0.0;198.0;242.00000000000003
ES00280;Continent;0.0;0.0;360.0;440.00000000000006
ES00281;Continent;0.0;0.0;198.0;242.00000000000003
ES00282;Continent;0.0;0.0;118.8;145.20000000000002
ES00283;Continent;0.0;0.0;198.0;242.00000000000003
ES00284;Continent;0.0;0.0;198.0;242.00000000000003
ES00285;Continent;0.0;0.0;198.0;242.00000000000003
ES00286;Continent;0.0;0.0;198.0;242.00000000000003
ES00287;Continent;0.0;0.0;198.0;242.00000000000003
ES00288;Continent;0.0;0.0;198.0;242.00000000000003
ES00289;Continent;0.0;0.0;198.0;242.00000000000003
ES00290;Continent;0.0;0.0;198.0;242.00000000000003
ES00291;Continent;0.0;0.0;198.0;242.00000000000003
ES00292;Continent;0.0;0.0;198.0;242.00000000000003
ES00293;Continent;0.0;0.0;360.0;440.00000000000006
ES00294;Continent;0.0;0.0;198.0;242.00000000000003
ES00295;Continent;0.0;0.0;360.0;440.00000000000006
ES00296;Continent;0.0;0.0;198.0;242.00000000000003
ES00297;Continent;0.0;0.0;360.0;440.00000000000006
ES00298;Continent;0.0;0.0;198.0;242.00000000000003
ES00299;Continent;0.0;0.0;198.0;242.00000000000003
ES00300;Continent;0.0;0.0;118.8;145.20000000000002
ES00301;Continent;0.0;0.0;198.0;242.00000000000003
ES00302;Continent;0.0;0.0;118.8;145.20000000000002
ES00303;Continent;0.0;0.0;198.0;242.00000000000003
ES00304;Continent;0.0;0.0;198.0;242.00000000000003
ES00305;Continent;0.0;0.0;198.0;242.00000000000003
ES00306;Continent;0.0;0.0;198.0;242.00000000000003
ES00307;Continent;0.0;0.0;198.0;242.00000000000003
ES00308;Continent;0.0;0.0;198.0;242.00000000000003
ES00309;Continent;0.0;0.0;198.0;242.00000000000003
ES00310;Continent;0.0;0.0;198.0;242.00000000000003
ES00311;Continent;0.0;0.0;198.0;242.00000000000003
ES00312;Continent;0.0;0.0;198.0;242.00000000000003
ES00313;Continent;0.0;0.0;198.0;242.00000000000003
ES00314;Continent;0.0;0.0;198.0;242.00000000000003
ES00315;Continent;0.0;0.0;198.0;242.00000000000003
ES00316;Continent;0.0;0.0;198.0;242.00000000000003
ES00317;Continent;0.0;0.0;198.0;242.00000000000003
ES00318;Continent;0.0;0.0;198.0;242.00000000000003
ES00319;Continent;0.0;0.0;198.0;242.00000000000003
ES00320;Continent;0.0;0.0;198.0;242.00000000000003
ES00321;Continent;0.0;0.0;198.0;242.00000000000003
ES00322;Continent;0.0;0.0;198.0;242.00000000000003
ES00323;Continent;0.0;0.0;198.0;242.00000000000003
ES00324;Continent;0.0;0.0;360.0;440.00000000000006
ES00325;Continent;0.0;0.0;198.0;242.00000000000003
ES00326;Continent;0.0;0.0;360.0;440.00000000000006
ES00327;Continent;0.0;0.0;198.0;242.00000000000003
ES00328;Continent;0.0;0.0;198.0;242.00000000000003
ES00329;Continent;0.0;0.0;198.0;242.00000000000003
ES00330;Continent;0.0;0.0;360.0;440.00000000000006
ES00331;Continent;0.0;0.0;360.0;440.00000000000006
ES00332;Continent;0.0;0.0;198.0;242.00000000000003
ES00333;Continent;0.0;0.0;198.0;242.00000000000003
ES00334;Continent;0.0;0.0;198.0;242.00000000000003
ES00335;Continent;0.0;0.0;198.0;242.00000000000003
ES00336;Continent;0.0;0.0;198.0;242.00000000000003
ES00337;Continent;0.0;0.0;360.0;440.00000000000006
ES00338;Continent;0.0;0.0;198.0;242.00000000000003
ES00339;Continent;0.0;0.0;198.0;242.00000000000003
ES00340;Continent;0.0;0.0;198.0;242.00000000000003
ES00341;Continent;0.0;0.0;198.0;242.00000000000003
ES00342;Continent;0.0;0.0;198.0;242.00000000000003
ES00343;Continent;0.0;0.0;198.0;242.00000000000003
ES00344;Continent;0.0;0.0;198.0;242.00000000000003
ES00345;Continent;0.0;0.0;198.0;242.00000000000003
ES00346;Continent;0.0;0.0;198.0;242.00000000000003
ES00347;Continent;0.0;0.0;198.0;242.00000000000003
ES00348;Continent;0.0;0.0;360.0;440.00000000000006
ES00349;Continent;0.0;0.0;360.0;440.00000000000006
ES00350;Continent;0.0;0.0;360.0;440.00000000000006
ES00351;Continent;0.0;0.0;360.0;440.00000000000006
ES00352;Continent;0.0;0.0;360.0;440.00000000000006
ES00353;Continent;0.0;0.0;360.0;440.00000000000006
ES00354;Continent;0.0;0.0;360.0;440.00000000000006
ES00355;Continent;0.0;0.0;198.0;242.00000000000003
ES00356;Continent;0.0;0.0;198.0;242.00000000000003
ES00357;Continent;0.0;0.0;198.0;242.00000000000003
ES00358;Continent;0.0;0.0;198.0;242.00000000000003
ES00359;Continent;0.0;0.0;360.0;440.00000000000006
ES00360;Continent;0.0;0.0;360.0;440.00000000000006
ES00361;Continent;0.0;0.0;198.0;242.00000000000003
ES00362;Continent;0.0;0.0;360.0;440.00000000000006
ES00363;Continent;0.0;0.0;360.0;440.00000000000006
ES00364;Continent;0.0;0.0;360.0;440.00000000000006
ES00365;Continent;0.0;0.0;360.0;440.00000000000006
ES00366;Continent;0.0;0.0;360.0;440.00000000000006
ES00367;Continent;0.0;0.0;198.0;242.00000000000003
ES00368;Continent;0.0;0.0;198.0;242.00000000000003
ES00369;Continent;0.0;0.0;198.0;242.00000000000003
ES00370;Continent;0.0;0.0;360.0;440.00000000000006
ES00371;Continent;0.0;0.0;118.8;145.20000000000002
ES00372;Continent;0.0;0.0;198.0;242.00000000000003
ES00373;Continent;0.0;0.0;118.8;145.20000000000002
ES00374;Continent;0.0;0.0;198.0;242.00000000000003
ES00375;Continent;0.0;0.0;198.0;242.00000000000003
ES00376;Continent;0.0;0.0;360.0;440.00000000000006
ES00377;Continent;0.0;0.0;360.0;440.00000000000006
ES00378;Continent;0.0;0.0;198.0;242.00000000000003
ES00379;Continent;0.0;0.0;360.0;440.00000000000006
ES00380;Continent;0.0;0.0;360.0;440.00000000000006
ES00381;Continent;0.0;0.0;198.0;242.00000000000003
ES00382;Continent;0.0;0.0;198.0;242.00000000000003
ES00383;Continent;0.0;0.0;198.0;242.00000000000003
ES00384;Continent;0.0;0.0;198.0;242.00000000000003
ES00385;Continent;0.0;0.0;198.0;242.00000000000003
ES00386;Continent;0.0;0.0;360.0;440.00000000000006
ES00387;Continent;0.0;0.0;198.0;242.00000000000003
ES00388;Continent;0.0;0.0;198.0;242.00000000000003
ES00389;Continent;0.0;0.0;198.0;242.00000000000003
ES00390;Continent;0.0;0.0;360.0;440.00000000000006
ES00391;Continent;0.0;0.0;198.0;242.00000000000003
ES00392;Continent;0.0;0.0;360.0;440.00000000000006
ES00393;Continent;0.0;0.0;360.0;440.00000000000006
ES00394;Continent;0.0;0.0;198.0;242.00000000000003
ES00395;Continent;0.0;0.0;198.0;242.00000000000003
ES00396;Continent;0.0;0.0;198.0;242.00000000000003
ES00397;Continent;0.0;0.0;360.0;440.00000000000006
ES00398;Continent;0.0;0.0;198.0;242.00000000000003
ES00399;Continent;0.0;0.0;198.0;242.00000000000003
ES00400;Continent;0.0;0.0;198.0;242.00000000000003
ES00401;Continent;0.0;0.0;198.0;242.00000000000003
ES00402;Continent;0.0;0.0;198.0;242.00000000000003
ES00403;Continent;0.0;0.0;198.0;242.00000000000003
ES00404;Continent;0.0;0.0;198.0;242.00000000000003
ES00405;Continent;0.0;0.0;198.0;242.00000000000003
ES00406;Continent;0.0;0.0;360.0;440.00000000000006
ES00407;Continent;0.0;0.0;198.0;242.00000000000003
ES00408;Continent;0.0;0.0;198.0;242.00000000000003
ES00409;Continent;0.0;0.0;360.0;440.00000000000006
ES00410;Continent;0.0;0.0;198.0;242.00000000000003
ES00411;Continent;0.0;0.0;198.0;242.00000000000003
ES00412;Continent;0.0;0.0;198.0;242.00000000000003
ES00413;Continent;0.0;0.0;198.0;242.00000000000003
ES00414;Continent;0.0;0.0;198.0;242.00000000000003
ES00415;Continent;0.0;0.0;360.0;440.00000000000006
ES00416;Continent;0.0;0.0;198.0;242.00000000000003
ES00417;Continent;0.0;0.0;198.0;242.00000000000003
ES00418;Continent;0.0;0.0;118.8;145.20000000000002
ES00419;Continent;0.0;0.0;198.0;242.00000000000003
ES00420;Continent;0.0;0.0;198.0;242.00000000000003
ES00421;Continent;0.0;0.0;198.0;242.00000000000003
ES00422;Continent;0.0;0.0;198.0;242.00000000000003
ES00423;Continent;0.0;0.0;198.0;242.00000000000003
ES00424;Continent;0.0;0.0;198.0;242.00000000000003
ES00425;Continent;0.0;0.0;198.0;242.00000000000003
ES00426;Continent;0.0;0.0;198.0;242.00000000000003
ES00427;Continent;0.0;0.0;198.0;242.00000000000003
ES00428;Continent;0.0;0.0;198.0;242.00000000000003
ES00429;Continent;0.0;0.0;198.0;242.00000000000003
ES00430;Continent;0.0;0.0;198.0;242.00000000000003
ES00431;Continent;0.0;0.0;360.0;440.00000000000006
ES00432;Continent;0.0;0.0;360.0;440.00000000000006
ES00433;Continent;0.0;0.0;198.0;242.00000000000003
ES00434;Continent;0.0;0.0;198.0;242.00000000000003
ES00435;Continent;0.0;0.0;198.0;242.00000000000003
ES00436;Continent;0.0;0.0;360.0;440.00000000000006
ES00437;Continent;0.0;0.0;198.0;242.00000000000003
ES00438;Continent;0.0;0.0;198.0;242.00000000000003
ES00439;Continent;0.0;0.0;198.0;242.00000000000003
ES00440;Continent;0.0;0.0;198.0;242.00000000000003
ES00441;Continent;0.0;0.0;118.8;145.20000000000002
ES00442;Continent;0.0;0.0;198.0;242.00000000000003
ES00443;Continent;0.0;0.0;118.8;145.20000000000002
ES00444;Continent;0.0;0.0;198.0;242.00000000000003
ES00445;Continent;0.0;0.0;198.0;242.00000000000003
ES00446;Continent;0.0;0.0;198.0;242.00000000000003
ES00447;Continent;0.0;0.0;198.0;242.00000000000003
ES00448;Continent;0.0;0.0;198.0;242.00000000000003
ES00449;Continent;0.0;0.0;198.0;242.00000000000003
ES00450;Continent;0.0;0.0;360.0;440.00000000000006
ES00451;Continent;0.0;0.0;198.0;242.00000000000003
ES00452;Continent;0.0;0.0;360.0;440.00000000000006
ES00453;Continent;0.0;0.0;198.0;242.00000000000003
ES00454;Continent;0.0;0.0;198.0;242.00000000000003
ES00455;Continent;0.0;0.0;198.0;242.00000000000003
ES00456;Continent;0.0;0.0;198.0;242.00000000000003
ES00457;Continent;0.0;0.0;198.0;242.00000000000003
ES00458;Continent;0.0;0.0;360.0;440.00000000000006
ES00459;Continent;0.0;0.0;360.0;440.00000000000006
ES00460;Continent;0.0;0.0;360.0;440.00000000000006
ES00461;Continent;0.0;0.0;198.0;242.00000000000003
ES00462;Continent;0.0;0.0;198.0;242.00000000000003
ES00463;Continent;0.0;0.0;198.0;242.00000000000003
ES00464;Continent;0.0;0.0;198.0;242.00000000000003
ES00465;Continent;0.0;0.0;198.0;242.00000000000003
ES00466;Continent;0.0;0.0;198.0;242.00000000000003
ES00467;Continent;0.0;0.0;198.0;242.00000000000003
ES00468;Continent;0.0;0.0;198.0;242.00000000000003
ES00469;Continent;0.0;0.0;198.0;242.00000000000003
ES00470;Continent;0.0;0.0;198.0;242.00000000000003
ES00471;Continent;0.0;0.0;360.0;440.00000000000006
ES00472;Continent;0.0;0.0;198.0;242.00000000000003
ES00473;Continent;0.0;0.0;198.0;242.00000000000003
ES00474;Continent;0.0;0.0;198.0;242.00000000000003
ES00475;Continent;0.0;0.0;198.0;242.00000000000003
ES00476;Continent;0.0;0.0;360.0;440.00000000000006
ES00477;Continent;0.0;0.0;198.0;242.00000000000003
ES00478;Continent;0.0;0.0;198.0;242.00000000000003
ES00479;Continent;0.0;0.0;360.0;440.00000000000006
ES00480;Continent;0.0;0.0;360.0;440.00000000000006
ES00481;Continent;0.0;0.0;360.0;440.00000000000006
ES00482;Continent;0.0;0.0;198.0;242.00000000000003
ES00483;Continent;0.0;0.0;360.0;440.00000000000006
ES00484;Continent;0.0;0.0;198.0;242.00000000000003
ES00485;Continent;0.0;0.0;198.0;242.00000000000003
ES00486;Continent;0.0;0.0;360.0;440.00000000000006
ES00487;Continent;0.0;0.0;118.8;145.20000000000002
ES00488;Continent;0.0;0.0;198.0;242.00000000000003
ES00489;Continent;0.0;0.0;360.0;440.00000000000006
ES00490;Continent;0.0;0.0;198.0;242.00000000000003
ES00491;Continent;0.0;0.0;198.0;242.00000000000003
ES00492;Continent;0.0;0.0;198.0;242.00000000000003
ES00493;Continent;0.0;0.0;198.0;242.00000000000003
ES00494;Continent;0.0;0.0;198.0;242.00000000000003
ES00495;Continent;0.0;0.0;198.0;242.00000000000003
ES00496;Continent;0.0;0.0;198.0;242.00000000000003
ES00497;Continent;0.0;0.0;360.0;440.00000000000006
ES00498;Continent;0.0;0.0;360.0;440.00000000000006
ES00499;Continent;0.0;0.0;198.0;242.00000000000003
ES00500;Continent;0.0;0.0;360.0;440.00000000000006
ES00501;Continent;0.0;0.0;198.0;242.00000000000003
ES00502;Continent;0.0;0.0;360.0;440.00000000000006
ES00503;Continent;0.0;0.0;198.0;242.00000000000003
ES00504;Continent;0.0;0.0;198.0;242.00000000000003
ES00505;Continent;0.0;0.0;198.0;242.00000000000003
ES00506;Continent;0.0;0.0;198.0;242.00000000000003
ES00507;Continent;0.0;0.0;198.0;242.00000000000003
ES00508;Continent;0.0;0.0;198.0;242.00000000000003
ES00509;Continent;0.0;0.0;360.0;440.00000000000006
ES00510;Continent;0.0;0.0;360.0;440.00000000000006
ES00511;Continent;0.0;0.0;198.0;242.00000000000003
ES00512;Continent;0.0;0.0;198.0;242.00000000000003
ES00513;Continent;0.0;0.0;198.0;242.00000000000003
ES00514;Continent;0.0;0.0;198.0;242.00000000000003
ES00515;Continent;0.0;0.0;198.0;242.00000000000003
ES00516;Continent;0.0;0.0;198.0;242.00000000000003
ES00517;Continent;0.0;0.0;198.0;242.00000000000003
ES00518;Continent;0.0;0.0;198.0;242.00000000000003
ES00519;Continent;0.0;0.0;198.0;242.00000000000003
ES00520;Continent;0.0;0.0;198.0;242.00000000000003
ES00521;Continent;0.0;0.0;198.0;242.00000000000003
ES00522;Continent;0.0;0.0;198.0;242.00000000000003
ES00523;Continent;0.0;0.0;198.0;242.00000000000003
ES00524;Continent;0.0;0.0;198.0;242.00000000000003
ES00525;Continent;0.0;0.0;198.0;242.00000000000003
ES00526;Continent;0.0;0.0;198.0;242.00000000000003
ES00527;Continent;0.0;0.0;198.0;242.00000000000003
ES00530;Continent;0.0;0.0;198.0;242.00000000000003
ES00531;Continent;0.0;0.0;198.0;242.00000000000003
ES00532;Continent;0.0;0.0;198.0;242.00000000000003
ES00533;Continent;0.0;0.0;360.0;440.00000000000006
ES00534;Continent;0.0;0.0;198.0;242.00000000000003
ES00535;Continent;0.0;0.0;198.0;242.00000000000003
ES00536;Continent;0.0;0.0;198.0;242.00000000000003
ES00537;Continent;0.0;0.0;198.0;242.00000000000003
ES00538;Continent;0.0;0.0;198.0;242.00000000000003
ES00539;Continent;0.0;0.0;198.0;242.00000000000003
ES00540;Continent;0.0;0.0;198.0;242.00000000000003
ES00541;Continent;0.0;0.0;198.0;242.00000000000003
ES00542;Continent;0.0;0.0;198.0;242.00000000000003
ES00543;Continent;0.0;0.0;198.0;242.00000000000003
ES00544;Continent;0.0;0.0;360.0;440.00000000000006
ES00545;Continent;0.0;0.0;360.0;440.00000000000006
ES00546;Continent;0.0;0.0;198.0;242.00000000000003
ES00547;Continent;0.0;0.0;360.0;440.00000000000006
ES00548;Continent;0.0;0.0;198.0;242.00000000000003
ES00549;Continent;0.0;0.0;198.0;242.00000000000003
ES00550;Continent;0.0;0.0;198.0;242.00000000000003
ES00551;Continent;0.0;0.0;360.0;440.00000000000006
ES00552;Continent;0.0;0.0;360.0;440.00000000000006
ES00553;Continent;0.0;0.0;360.0;440.00000000000006
ES00554;Continent;0.0;0.0;360.0;440.00000000000006
ES00555;Continent;0.0;0.0;198.0;242.00000000000003
ES00556;Continent;0.0;0.0;198.0;242.00000000000003
ES00557;Continent;0.0;0.0;198.0;242.00000000000003
ES00558;Continent;0.0;0.0;198.0;242.00000000000003
ES00559;Continent;0.0;0.0;360.0;440.00000000000006
ES00560;Continent;0.0;0.0;360.0;440.00000000000006
ES00561;Continent;0.0;0.0;198.0;242.00000000000003
ES00562;Continent;0.0;0.0;198.0;242.00000000000003
ES00563;Continent;0.0;0.0;198.0;242.00000000000003
ES00564;Continent;0.0;0.0;198.0;242.00000000000003
ES00565;Continent;0.0;0.0;198.0;242.00000000000003
ES00566;Continent;0.0;0.0;118.8;145.20000000000002
ES00567;Continent;0.0;0.0;198.0;242.00000000000003
ES00568;Continent;0.0;0.0;118.8;145.20000000000002
ES00569;Continent;0.0;0.0;198.0;242.00000000000003
ES00570;Continent;0.0;0.0;198.0;242.00000000000003
ES00571;Continent;0.0;0.0;198.0;242.00000000000003
ES00572;Continent;0.0;0.0;360.0;440.00000000000006
ES00573;Continent;0.0;0.0;360.0;440.00000000000006
ES00574;Continent;0.0;0.0;198.0;242.00000000000003
ES00575;Continent;0.0;0.0;198.0;242.00000000000003
ES00576;Continent;0.0;0.0;198.0;242.00000000000003
ES00577;Continent;0.0;0.0;198.0;242.00000000000003
ES00578;Continent;0.0;0.0;360.0;440.00000000000006
ES00579;Continent;0.0;0.0;360.0;440.00000000000006
ES00580;Continent;0.0;0.0;198.0;242.00000000000003
ES00581;Continent;0.0;0.0;198.0;242.00000000000003
ES00582;Continent;0.0;0.0;198.0;242.00000000000003
ES00583;Continent;0.0;0.0;198.0;242.00000000000003
ES00584;Continent;0.0;0.0;360.0;440.00000000000006
ES00585;Continent;0.0;0.0;360.0;440.00000000000006
ES00586;Continent;0.0;0.0;198.0;242.00000000000003
ES00587;Continent;0.0;0.0;198.0;242.00000000000003
ES00588;Continent;0.0;0.0;198.0;242.00000000000003
ES00589;Continent;0.0;0.0;198.0;242.00000000000003
ES00590;Continent;0.0;0.0;198.0;242.00000000000003
ES00591;Continent;0.0;0.0;198.0;242.00000000000003
ES00592;Continent;0.0;0.0;198.0;242.00000000000003
ES00593;Continent;0.0;0.0;198.0;242.00000000000003
ES00594;Continent;0.0;0.0;198.0;242.00000000000003
ES00595;Continent;0.0;0.0;198.0;242.00000000000003
ES00596;Continent;0.0;0.0;198.0;242.00000000000003
ES00597;Continent;0.0;0.0;198.0;242.00000000000003
ES00598;Continent;0.0;0.0;198.0;242.00000000000003
ES00599;Continent;0.0;0.0;198.0;242.00000000000003
ES00600;Continent;0.0;0.0;360.0;440.00000000000006
ES00601;Continent;0.0;0.0;118.8;145.20000000000002
ES00602;Continent;0.0;0.0;198.0;242.00000000000003
ES00603;Continent;0.0;0.0;118.8;145.20000000000002
ES00604;Continent;0.0;0.0;198.0;242.00000000000003
ES00605;Continent;0.0;0.0;198.0;242.00000000000003
ES00606;Continent;0.0;0.0;198.0;242.00000000000003
ES00607;Continent;0.0;0.0;198.0;242.00000000000003
ES00608;Continent;0.0;0.0;198.0;242.00000000000003
ES00609;Continent;0.0;0.0;198.0;242.00000000000003
ES00610;Continent;0.0;0.0;360.0;440.00000000000006
ES00611;Continent;0.0;0.0;198.0;242.00000000000003
ES00612;Continent;0.0;0.0;360.0;440.00000000000006
ES00613;Continent;0.0;0.0;198.0;242.00000000000003
ES00614;Continent;0.0;0.0;198.0;242.00000000000003
ES00615;Continent;0.0;0.0;198.0;242.00000000000003
ES00616;Continent;0.0;0.0;198.0;242.00000000000003
ES00617;Continent;0.0;0.0;198.0;242.00000000000003
ES00618;Continent;0.0;0.0;198.0;242.00000000000003
ES00619;Continent;0.0;0.0;198.0;242.00000000000003
ES00620;Continent;0.0;0.0;198.0;242.00000000000003
ES00621;Continent;0.0;0.0;198.0;242.00000000000003
ES00622;Continent;0.0;0.0;198.0;242.00000000000003
ES00623;Continent;0.0;0.0;198.0;242.00000000000003
ES00624;Continent;0.0;0.0;288.0;352.0
ES00625;Continent;0.0;0.0;360.0;440.00000000000006
ES00626;Continent;0.0;0.0;198.0;242.00000000000003
ES00628;Continent;0.0;0.0;198.0;242.00000000000003
ES00629;Continent;0.0;0.0;198.0;242.00000000000003
ES00630;Continent;0.0;0.0;198.0;242.00000000000003
ES00631;Continent;0.0;0.0;198.0;242.00000000000003
ES00632;Continent;0.0;0.0;198.0;242.00000000000003
ES00633;Continent;0.0;0.0;198.0;242.00000000000003
ES00634;Continent;0.0;0.0;118.8;145.20000000000002
ES00635;Continent;0.0;0.0;198.0;242.00000000000003
ES00636;Continent;0.0;0.0;118.8;145.20000000000002
ES00637;Continent;0.0;0.0;198.0;242.00000000000003
ES00638;Continent;0.0;0.0;198.0;242.00000000000003
ES00639;Continent;0.0;0.0;360.0;440.00000000000006
ES00640;Continent;0.0;0.0;198.0;242.00000000000003
ES00641;Continent;0.0;0.0;360.0;440.00000000000006
ES00642;Continent;0.0;0.0;360.0;440.00000000000006
ES00643;Continent;0.0;0.0;198.0;242.00000000000003
ES00644;Continent;0.0;0.0;360.0;440.00000000000006
ES00645;Continent;0.0;0.0;198.0;242.00000000000003
ES00646;Continent;0.0;0.0;198.0;242.00000000000003
ES00647;Continent;0.0;0.0;360.0;440.00000000000006
ES00648;Continent;0.0;0.0;198.0;242.00000000000003
ES00649;Continent;0.0;0.0;360.0;440.00000000000006
ES00650;Continent;0.0;0.0;198.0;242.00000000000003
ES00651;Continent;0.0;0.0;360.0;440.00000000000006
ES00652;Continent;0.0;0.0;198.0;242.00000000000003
ES00653;Continent;0.0;0.0;360.0;440.00000000000006
ES00654;Continent;0.0;0.0;198.0;242.00000000000003
ES00655;Continent;0.0;0.0;198.0;242.00000000000003
ES00656;Continent;0.0;0.0;198.0;242.00000000000003
ES00657;Continent;0.0;0.0;198.0;242.00000000000003
ES00658;Continent;0.0;0.0;360.0;440.00000000000006
ES00659;Continent;0.0;0.0;198.0;242.00000000000003
ES00660;Continent;0.0;0.0;360.0;440.00000000000006
ES00661;Continent;0.0;0.0;198.0;242.00000000000003
ES00662;Continent;0.0;0.0;360.0;440.00000000000006
ES00663;Continent;0.0;0.0;198.0;242.00000000000003
ES00664;Continent;0.0;0.0;198.0;242.00000000000003
ES00665;Continent;0.0;0.0;198.0;242.00000000000003
ES00666;Continent;0.0;0.0;198.0;242.00000000000003
ES00667;Continent;0.0;0.0;198.0;242.00000000000003
ES00668;Continent;0.0;0.0;198.0;242.00000000000003
ES00669;Continent;0.0;0.0;360.0;440.00000000000006
ES00671;Continent;0.0;0.0;198.0;242.00000000000003
ES00672;Continent;0.0;0.0;198.0;242.00000000000003
ES00673;Continent;0.0;0.0;360.0;440.00000000000006
ES00674;Continent;0.0;0.0;198.0;242.00000000000003
ES00675;Continent;0.0;0.0;198.0;242.00000000000003
ES00676;Continent;0.0;0.0;198.0;242.00000000000003
ES00677;Continent;0.0;0.0;198.0;242.00000000000003
ES00678;Continent;0.0;0.0;198.0;242.00000000000003
ES00679;Continent;0.0;0.0;198.0;242.00000000000003
ES00680;Continent;0.0;0.0;198.0;242.00000000000003
ES00681;Continent;0.0;0.0;225.0;275.0
ES00682;Continent;0.0;0.0;198.0;242.00000000000003
ES00683;Continent;0.0;0.0;225.0;275.0
ES00684;Continent;0.0;0.0;198.0;242.00000000000003
ES00685;Continent;0.0;0.0;360.0;440.00000000000006
ES00686;Continent;0.0;0.0;198.0;242.00000000000003
ES00687;Continent;0.0;0.0;198.0;242.00000000000003
ES00688;Continent;0.0;0.0;360.0;440.00000000000006
ES00689;Continent;0.0;0.0;198.0;242.00000000000003
ES00690;Continent;0.0;0.0;360.0;440.00000000000006
ES00691;Continent;0.0;0.0;360.0;440.00000000000006
ES00692;Continent;0.0;0.0;198.0;242.00000000000003
ES00693;Continent;0.0;0.0;360.0;440.00000000000006
ES00694;Continent;0.0;0.0;360.0;440.00000000000006
ES00695;Continent;0.0;0.0;360.0;440.00000000000006
ES00696;Continent;0.0;0.0;198.0;242.00000000000003
ES00697;Continent;0.0;0.0;198.0;242.00000000000003
ES00698;Continent;0.0;0.0;360.0;440.00000000000006
ES00699;Continent;0.0;0.0;198.0;242.00000000000003
ES00700;Continent;0.0;0.0;360.0;440.00000000000006
ES00701;Continent;0.0;0.0;198.0;242.00000000000003
ES00702;Continent;0.0;0.0;360.0;440.00000000000006
ES00703;Continent;0.0;0.0;198.0;242.00000000000003
ES00704;Continent;0.0;0.0;118.8;145.20000000000002
ES00705;Continent;0.0;0.0;198.0;242.00000000000003
ES00706;Continent;0.0;0.0;198.0;242.00000000000003
ES00707;Continent;0.0;0.0;198.0;242.00000000000003
ES00708;Continent;0.0;0.0;198.0;242.00000000000003
ES00709;Continent;0.0;0.0;198.0;242.00000000000003
ES00710;Continent;0.0;0.0;360.0;440.00000000000006
ES00711;Continent;0.0;0.0;360.0;440.00000000000006
ES00712;Continent;0.0;0.0;360.0;440.00000000000006
ES00713;Continent;0.0;0.0;198.0;242.00000000000003
ES00714;Continent;0.0;0.0;198.0;242.00000000000003
ES00715;Continent;0.0;0.0;198.0;242.00000000000003
ES00716;Continent;0.0;0.0;198.0;242.00000000000003
ES00718;Continent;0.0;0.0;198.0;242.00000000000003
ES00719;Continent;0.0;0.0;198.0;242.00000000000003
ES00720;Continent;0.0;0.0;198.0;242.00000000000003
ES00722;Continent;0.0;0.0;198.0;242.00000000000003
ES00723;Continent;0.0;0.0;360.0;440.00000000000006
ES00724;Continent;0.0;0.0;118.8;145.20000000000002
ES00725;Continent;0.0;0.0;198.0;242.00000000000003
ES00726;Continent;0.0;0.0;198.0;242.00000000000003
ES00727;Continent;0.0;0.0;198.0;242.00000000000003
ES00728;Continent;0.0;0.0;360.0;440.00000000000006
ES00729;Continent;0.0;0.0;360.0;440.00000000000006
ES00730;Continent;0.0;0.0;360.0;440.00000000000006
ES00731;Continent;0.0;0.0;198.0;242.00000000000003
ES00732;Continent;0.0;0.0;198.0;242.00000000000003
ES00733;Continent;0.0;0.0;360.0;440.00000000000006
ES00734;Continent;0.0;0.0;360.0;440.00000000000006
ES00735;Continent;0.0;0.0;360.0;440.00000000000006
ES00736;Continent;0.0;0.0;198.0;242.00000000000003
ES00737;Continent;0.0;0.0;360.0;440.00000000000006
ES00738;Continent;0.0;0.0;198.0;242.00000000000003
ES00739;Continent;0.0;0.0;198.0;242.00000000000003
ES00740;Continent;0.0;0.0;198.0;242.00000000000003
ES00741;Continent;0.0;0.0;198.0;242.00000000000003
ES00742;Continent;0.0;0.0;202.5;247.50000000000003
ES00743;Continent;0.0;0.0;198.0;242.00000000000003
ES00744;Continent;0.0;0.0;202.5;247.50000000000003
ES00745;Continent;0.0;0.0;198.0;242.00000000000003
ES00746;Continent;0.0;0.0;360.0;440.00000000000006
ES00747;Continent;0.0;0.0;198.0;242.00000000000003
ES00748;Continent;0.0;0.0;198.0;242.00000000000003
ES00749;Continent;0.0;0.0;360.0;440.00000000000006
ES00750;Continent;0.0;0.0;360.0;440.00000000000006
ES00751;Continent;0.0;0.0;198.0;242.00000000000003
ES00752;Continent;0.0;0.0;360.0;440.00000000000006
ES00753;Continent;0.0;0.0;198.0;242.00000000000003
ES00754;Continent;0.0;0.0;198.0;242.00000000000003
ES00755;Continent;0.0;0.0;198.0;242.00000000000003
ES00756;Continent;0.0;0.0;198.0;242.00000000000003
ES00757;Continent;0.0;0.0;198.0;242.00000000000003
ES00758;Continent;0.0;0.0;360.0;440.00000000000006
ES00759;Continent;0.0;0.0;198.0;242.00000000000003
ES00760;Continent;0.0;0.0;360.0;440.00000000000006
ES00761;Continent;0.0;0.0;360.0;440.00000000000006
ES00762;Continent;0.0;0.0;360.0;440.00000000000006
ES00763;Continent;0.0;0.0;118.8;145.20000000000002
ES00764;Continent;0.0;0.0;198.0;242.00000000000003
ES00765;Continent;0.0;0.0;198.0;242.00000000000003
ES00766;Continent;0.0;0.0;118.8;145.20000000000002
ES00767;Continent;0.0;0.0;198.0;242.00000000000003
ES00768;Continent;0.0;0.0;360.0;440.00000000000006
ES00769;Continent;0.0;0.0;360.0;440.00000000000006
ES00770;Continent;0.0;0.0;198.0;242.00000000000003
ES00771;Continent;0.0;0.0;198.0;242.00000000000003
ES00772;Continent;0.0;0.0;360.0;440.00000000000006
ES00773;Continent;0.0;0.0;198.0;242.00000000000003
ES00774;Continent;0.0;0.0;360.0;440.00000000000006
ES00775;Continent;0.0;0.0;198.0;242.00000000000003
ES00776;Continent;0.0;0.0;198.0;242.00000000000003
ES00777;Continent;0.0;0.0;360.0;440.00000000000006
ES00778;Continent;0.0;0.0;198.0;242.00000000000003
ES00779;Continent;0.0;0.0;360.0;440.00000000000006
ES00780;Continent;0.0;0.0;360.0;440.00000000000006
ES00781;Continent;0.0;0.0;360.0;440.00000000000006
ES00782;Continent;0.0;0.0;198.0;242.00000000000003
ES00783;Continent;0.0;0.0;198.0;242.00000000000003
ES00784;Continent;0.0;0.0;198.0;242.00000000000003
ES00785;Continent;0.0;0.0;360.0;440.00000000000006
ES00786;Continent;0.0;0.0;360.0;440.00000000000006
ES00787;Continent;0.0;0.0;360.0;440.00000000000006
ES00788;Continent;0.0;0.0;360.0;440.00000000000006
ES00789;Continent;0.0;0.0;360.0;440.00000000000006
ES00790;Continent;0.0;0.0;198.0;242.00000000000003
ES00791;Continent;0.0;0.0;198.0;242.00000000000003
ES00792;Continent;0.0;0.0;198.0;242.00000000000003
ES00793;Continent;0.0;0.0;198.0;242.00000000000003
ES00794;Continent;0.0;0.0;198.0;242.00000000000003
ES00795;Continent;0.0;0.0;198.0;242.00000000000003
ES00796;Continent;0.0;0.0;198.0;242.00000000000003
ES00797;Continent;0.0;0.0;198.0;242.00000000000003
ES00798;Continent;0.0;0.0;198.0;242.00000000000003
ES00799;Continent;0.0;0.0;198.0;242.00000000000003
ES00800;Continent;0.0;0.0;198.0;242.00000000000003
ES00801;Continent;0.0;0.0;198.0;242.00000000000003
ES00802;Continent;0.0;0.0;198.0;242.00000000000003
ES00803;Continent;0.0;0.0;198.0;242.00000000000003
ES00804;Continent;0.0;0.0;198.0;242.00000000000003
ES00805;Continent;0.0;0.0;198.0;242.00000000000003
ES00806;Continent;0.0;0.0;198.0;242.00000000000003
ES00807;Continent;0.0;0.0;198.0;242.00000000000003
ES00808;Continent;0.0;0.0;198.0;242.00000000000003
ES00809;Continent;0.0;0.0;198.0;242.00000000000003
ES00810;Continent;0.0;0.0;198.0;242.00000000000003
ES00811;Continent;0.0;0.0;198.0;242.00000000000003
ES00812;Continent;0.0;0.0;198.0;242.00000000000003
ES00813;Continent;0.0;0.0;198.0;242.00000000000003
ES00814;Continent;0.0;0.0;360.0;440.00000000000006
ES00815;Continent;0.0;0.0;198.0;242.00000000000003
ES00816;Continent;0.0;0.0;198.0;242.00000000000003
ES00817;Continent;0.0;0.0;360.0;440.00000000000006
ES00818;Continent;0.0;0.0;360.0;440.00000000000006
ES00819;Continent;0.0;0.0;360.0;440.00000000000006
ES00820;Continent;0.0;0.0;198.0;242.00000000000003
ES00821;Continent;0.0;0.0;198.0;242.00000000000003
ES00822;Continent;0.0;0.0;198.0;242.00000000000003
ES00823;Continent;0.0;0.0;198.0;242.00000000000003
ES00824;Continent;0.0;0.0;118.8;145.20000000000002
ES00825;Continent;0.0;0.0;198.0;242.00000000000003
ES00826;Continent;0.0;0.0;118.8;145.20000000000002
ES00827;Continent;0.0;0.0;198.0;242.00000000000003
ES00828;Continent;0.0;0.0;198.0;242.00000000000003
ES00829;Continent;0.0;0.0;198.0;242.00000000000003
ES00830;Continent;0.0;0.0;198.0;242.00000000000003
ES00831;Continent;0.0;0.0;198.0;242.00000000000003
ES00832;Continent;0.0;0.0;198.0;242.00000000000003
ES00833;Continent;0.0;0.0;198.0;242.00000000000003
ES00834;Continent;0.0;0.0;198.0;242.00000000000003
ES00835;Continent;0.0;0.0;198.0;242.00000000000003
ES00836;Continent;0.0;0.0;360.0;440.00000000000006
ES00837;Continent;0.0;0.0;198.0;242.00000000000003
ES00838;Continent;0.0;0.0;198.0;242.00000000000003
ES00839;Continent;0.0;0.0;198.0;242.00000000000003
ES00840;Continent;0.0;0.0;198.0;242.00000000000003
ES00841;Continent;0.0;0.0;360.0;440.00000000000006
ES00842;Continent;0.0;0.0;198.0;242.00000000000003
ES00843;Continent;0.0;0.0;198.0;242.00000000000003
ES00844;Continent;0.0;0.0;198.0;242.00000000000003
ES00845;Continent;0.0;0.0;198.0;242.00000000000003
ES00846;Continent;0.0;0.0;198.0;242.00000000000003
ES00847;Continent;0.0;0.0;198.0;242.00000000000003
ES00848;Continent;0.0;0.0;198.0;242.00000000000003
ES00849;Continent;0.0;0.0;198.0;242.00000000000003
ES00850;Continent;0.0;0.0;198.0;242.00000000000003
ES00851;Continent;0.0;0.0;198.0;242.00000000000003
ES00852;Continent;0.0;0.0;198.0;242.00000000000003
ES00853;Continent;0.0;0.0;198.0;242.00000000000003
ES00854;Continent;0.0;0.0;198.0;242.00000000000003
ES00855;Continent;0.0;0.0;198.0;242.00000000000003
ES00856;Continent;0.0;0.0;198.0;242.00000000000003
ES00857;Continent;0.0;0.0;198.0;242.00000000000003
ES00858;Continent;0.0;0.0;198.0;242.00000000000003
ES00859;Continent;0.0;0.0;360.0;440.00000000000006
ES00860;Continent;0.0;0.0;360.0;440.00000000000006
ES00861;Continent;0.0;0.0;198.0;242.00000000000003
ES00862;Continent;0.0;0.0;198.0;242.00000000000003
ES00863;Continent;0.0;0.0;198.0;242.00000000000003
ES00864;Continent;0.0;0.0;198.0;242.00000000000003
ES00865;Continent;0.0;0.0;198.0;242.00000000000003
ES00866;Continent;0.0;0.0;198.0;242.00000000000003
ES00867;Continent;0.0;0.0;360.0;440.00000000000006
ES00868;Continent;0.0;0.0;198.0;242.00000000000003
ES00869;Continent;0.0;0.0;198.0;242.00000000000003
ES00870;Continent;0.0;0.0;360.0;440.00000000000006
ES00871;Continent;0.0;0.0;198.0;242.00000000000003
ES00872;Continent;0.0;0.0;198.0;242.00000000000003
ES00873;Continent;0.0;0.0;198.0;242.00000000000003
ES00874;Continent;0.0;0.0;198.0;242.00000000000003
ES00875;Continent;0.0;0.0;198.0;242.00000000000003
ES00876;Continent;0.0;0.0;198.0;242.00000000000003
ES00877;Continent;0.0;0.0;198.0;242.00000000000003
ES00878;Continent;0.0;0.0;360.0;440.00000000000006
ES00879;Continent;0.0;0.0;360.0;440.00000000000006
ES00880;Continent;0.0;0.0;360.0;440.00000000000006
ES00881;Continent;0.0;0.0;198.0;242.00000000000003
ES00882;Continent;0.0;0.0;198.0;242.00000000000003
ES00883;Continent;0.0;0.0;198.0;242.00000000000003
ES00884;Continent;0.0;0.0;360.0;440.00000000000006
ES00885;Continent;0.0;0.0;198.0;242.00000000000003
ES00886;Continent;0.0;0.0;360.0;440.00000000000006
ES00887;Continent;0.0;0.0;360.0;440.00000000000006
ES00888;Continent;0.0;0.0;198.0;242.00000000000003
ES00889;Continent;0.0;0.0;198.0;242.00000000000003
ES00890;Continent;0.0;0.0;360.0;440.00000000000006
ES00891;Continent;0.0;0.0;198.0;242.00000000000003
ES00892;Continent;0.0;0.0;360.0;440.00000000000006
ES00893;Continent;0.0;0.0;198.0;242.00000000000003
ES00894;Continent;0.0;0.0;198.0;242.00000000000003
ES00895;Continent;0.0;0.0;198.0;242.00000000000003
ES00896;Continent;0.0;0.0;198.0;242.00000000000003
ES00897;Continent;0.0;0.0;198.0;242.00000000000003
ES00898;Continent;0.0;0.0;198.0;242.00000000000003
ES00899;Continent;0.0;0.0;198.0;242.00000000000003
ES00900;Continent;0.0;0.0;198.0;242.00000000000003
ES00901;Continent;0.0;0.0;198.0;242.00000000000003
ES00902;Continent;0.0;0.0;198.0;242.00000000000003
ES00903;Continent;0.0;0.0;360.0;440.00000000000006
ES00904;Continent;0.0;0.0;360.0;440.00000000000006
ES00905;Continent;0.0;0.0;360.0;440.00000000000006
ES00906;Continent;0.0;0.0;198.0;242.00000000000003
ES00907;Continent;0.0;0.0;198.0;242.00000000000003
ES00908;Continent;0.0;0.0;198.0;242.00000000000003
ES00909;Continent;0.0;0.0;198.0;242.00000000000003
ES00910;Continent;0.0;0.0;198.0;242.00000000000003
ES00911;Continent;0.0;0.0;198.0;242.00000000000003
ES00914;Continent;0.0;0.0;360.0;440.00000000000006
ES00915;Continent;0.0;0.0;360.0;440.00000000000006
ES00916;Continent;0.0;0.0;360.0;440.00000000000006
ES00917;Continent;0.0;0.0;360.0;440.00000000000006
ES00918;Continent;0.0;0.0;360.0;440.00000000000006
ES00919;Continent;0.0;0.0;198.0;242.00000000000003
ES00920;Continent;0.0;0.0;198.0;242.00000000000003
ES00921;Continent;0.0;0.0;360.0;440.00000000000006
ES00922;Continent;0.0;0.0;198.0;242.00000000000003
ES00923;Continent;0.0;0.0;360.0;440.00000000000006
ES00924;Continent;0.0;0.0;198.0;242.00000000000003
ES00925;Continent;0.0;0.0;198.0;242.00000000000003
ES00926;Continent;0.0;0.0;360.0;440.00000000000006
ES00927;Continent;0.0;0.0;198.0;242.00000000000003
ES00928;Continent;0.0;0.0;198.0;242.00000000000003
ES00929;Continent;0.0;0.0;198.0;242.00000000000003
ES00930;Continent;0.0;0.0;198.0;242.00000000000003
ES00931;Continent;0.0;0.0;198.0;242.00000000000003
ES00932;Continent;0.0;0.0;360.0;440.00000000000006
ES00933;Continent;0.0;0.0;198.0;242.00000000000003
ES00934;Continent;0.0;0.0;198.0;242.00000000000003
ES00935;Continent;0.0;0.0;198.0;242.00000000000003
ES00936;Continent;0.0;0.0;198.0;242.00000000000003
ES00937;Continent;0.0;0.0;198.0;242.00000000000003
ES00938;Continent;0.0;0.0;198.0;242.00000000000003
ES00939;Continent;0.0;0.0;198.0;242.00000000000003
ES00940;Continent;0.0;0.0;360.0;440.00000000000006
ES00941;Continent;0.0;0.0;360.0;440.00000000000006
ES00942;Continent;0.0;0.0;360.0;440.00000000000006
ES00943;Continent;0.0;0.0;198.0;242.00000000000003
ES00944;Continent;0.0;0.0;198.0;242.00000000000003
ES00945;Continent;0.0;0.0;198.0;242.00000000000003
ES00946;Continent;0.0;0.0;198.0;242.00000000000003
ES00947;Continent;0.0;0.0;198.0;242.00000000000003
ES00948;Continent;0.0;0.0;198.0;242.00000000000003
ES00949;Continent;0.0;0.0;198.0;242.00000000000003
ES00950;Continent;0.0;0.0;198.0;242.00000000000003
ES00951;Continent;0.0;0.0;198.0;242.00000000000003
ES00952;Continent;0.0;0.0;198.0;242.00000000000003
ES00953;Continent;0.0;0.0;198.0;242.00000000000003
ES00954;Continent;0.0;0.0;198.0;242.00000000000003
ES00955;Continent;0.0;0.0;198.0;242.00000000000003
ES00956;Continent;0.0;0.0;198.0;242.00000000000003
ES00957;Continent;0.0;0.0;360.0;440.00000000000006
ES00958;Continent;0.0;0.0;118.8;145.20000000000002
ES00959;Continent;0.0;0.0;198.0;242.00000000000003
ES00960;Continent;0.0;0.0;198.0;242.00000000000003
ES00961;Continent;0.0;0.0;198.0;242.00000000000003
ES00962;Continent;0.0;0.0;198.0;242.00000000000003
ES00963;Continent;0.0;0.0;360.0;440.00000000000006
ES00964;Continent;0.0;0.0;198.0;242.00000000000003
ES00965;Continent;0.0;0.0;360.0;440.00000000000006
ES00966;Continent;0.0;0.0;198.0;242.00000000000003
ES00967;Continent;0.0;0.0;198.0;242.00000000000003
ES00968;Continent;0.0;0.0;198.0;242.00000000000003
ES00969;Continent;0.0;0.0;198.0;242.00000000000003
ES00970;Continent;0.0;0.0;198.0;242.00000000000003
ES00971;Continent;0.0;0.0;198.0;242.00000000000003
ES00972;Continent;0.0;0.0;198.0;242.00000000000003
ES00973;Continent;0.0;0.0;198.0;242.00000000000003
ES00974;Continent;0.0;0.0;198.0;242.00000000000003
ES00975;Continent;0.0;0.0;198.0;242.00000000000003
ES00976;Continent;0.0;0.0;198.0;242.00000000000003
ES00977;Continent;0.0;0.0;198.0;242.00000000000003
ES00978;Continent;0.0;0.0;198.0;242.00000000000003
ES00979;Continent;0.0;0.0;198.0;242.00000000000003
ES00980;Continent;0.0;0.0;198.0;242.00000000000003
ES00981;Continent;0.0;0.0;202.5;247.50000000000003
ES00982;Continent;0.0;0.0;198.0;242.00000000000003
ES00983;Continent;0.0;0.0;198.0;242.00000000000003
ES00984;Continent;0.0;0.0;360.0;440.00000000000006
ES00985;Continent;0.0;0.0;198.0;242.00000000000003
ES00986;Continent;0.0;0.0;360.0;440.00000000000006
ES00987;Continent;0.0;0.0;198.0;242.00000000000003
ES00988;Continent;0.0;0.0;360.0;440.00000000000006
ES00989;Continent;0.0;0.0;198.0;242.00000000000003
ES00991;Continent;0.0;0.0;360.0;440.00000000000006
ES00994;Continent;0.0;0.0;198.0;242.00000000000003
ES00995;Continent;0.0;0.0;360.0;440.00000000000006
ES00996;Continent;0.0;0.0;360.0;440.00000000000006
ES00997;Continent;0.0;0.0;198.0;242.00000000000003
ES00998;Continent;0.0;0.0;198.0;242.00000000000003
ES00999;Continent;0.0;0.0;198.0;242.00000000000003
ES01000;Continent;0.0;0.0;198.0;242.00000000000003
ES01001;Continent;0.0;0.0;198.0;242.00000000000003
ES01002;Continent;0.0;0.0;198.0;242.00000000000003
ES01003;Continent;0.0;0.0;360.0;440.00000000000006
ES01004;Continent;0.0;0.0;360.0;440.00000000000006
ES01005;Continent;0.0;0.0;198.0;242.00000000000003
ES01006;Continent;0.0;0.0;198.0;242.00000000000003
ES01007;Continent;0.0;0.0;360.0;440.00000000000006
ES01008;Continent;0.0;0.0;198.0;242.00000000000003
ES01009;Continent;0.0;0.0;198.0;242.00000000000003
ES01010;Continent;0.0;0.0;198.0;242.00000000000003
ES01011;Continent;0.0;0.0;198.0;242.00000000000003
ES01012;Continent;0.0;0.0;360.0;440.00000000000006
ES01013;Continent;0.0;0.0;198.0;242.00000000000003
ES01014;Continent;0.0;0.0;198.0;242.00000000000003
ES01015;Continent;0.0;0.0;198.0;242.00000000000003
ES01016;Continent;0.0;0.0;198.0;242.00000000000003
ES01017;Continent;0.0;0.0;198.0;242.00000000000003
ES01018;Continent;0.0;0.0;198.0;242.00000000000003
ES01019;Continent;0.0;0.0;198.0;242.00000000000003
ES01020;Continent;0.0;0.0;198.0;242.00000000000003
ES01021;Continent;0.0;0.0;360.0;440.00000000000006
ES01022;Continent;0.0;0.0;198.0;242.00000000000003
ES01023;Continent;0.0;0.0;198.0;242.00000000000003
ES01024;Continent;0.0;0.0;360.0;440.00000000000006
ES01025;Continent;0.0;0.0;360.0;440.00000000000006
ES01026;Continent;0.0;0.0;360.0;440.00000000000006
ES01027;Continent;0.0;0.0;198.0;242.00000000000003
ES01028;Continent;0.0;0.0;198.0;242.00000000000003
ES01029;Continent;0.0;0.0;198.0;242.00000000000003
ES01030;Continent;0.0;0.0;198.0;242.00000000000003
ES01031;Continent;0.0;0.0;198.0;242.00000000000003
ES01032;Continent;0.0;0.0;198.0;242.00000000000003
ES01033;Continent;0.0;0.0;198.0;242.00000000000003
ES01034;Continent;0.0;0.0;198.0;242.00000000000003
ES01035;Continent;0.0;0.0;198.0;242.00000000000003
ES01036;Continent;0.0;0.0;198.0;242.00000000000003
ES01037;Continent;0.0;0.0;198.0;242.00000000000003
ES01038;Continent;0.0;0.0;198.0;242.00000000000003
ES01039;Continent;0.0;0.0;198.0;242.00000000000003
ES01040;Continent;0.0;0.0;198.0;242.00000000000003
ES01041;Continent;0.0;0.0;198.0;242.00000000000003
ES01042;Continent;0.0;0.0;198.0;242.00000000000003
ES01043;Continent;0.0;0.0;198.0;242.00000000000003
ES01044;Continent;0.0;0.0;360.0;440.00000000000006
ES01045;Continent;0.0;0.0;198.0;242.00000000000003
ES01046;Continent;0.0;0.0;198.0;242.00000000000003
ES01047;Continent;0.0;0.0;198.0;242.00000000000003
ES01048;Continent;0.0;0.0;360.0;440.00000000000006
ES01049;Continent;0.0;0.0;198.0;242.00000000000003
ES01050;Continent;0.0;0.0;198.0;242.00000000000003
ES01051;Continent;0.0;0.0;198.0;242.00000000000003
ES01052;Continent;0.0;0.0;198.0;242.00000000000003
ES01053;Continent;0.0;0.0;198.0;242.00000000000003
ES01054;Continent;0.0;0.0;198.0;242.00000000000003
ES01055;Continent;0.0;0.0;198.0;242.00000000000003
ES01056;Continent;0.0;0.0;198.0;242.00000000000003
ES01057;Continent;0.0;0.0;198.0;242.00000000000003
ES01058;Continent;0.0;0.0;198.0;242.00000000000003
ES01059;Continent;0.0;0.0;198.0;242.00000000000003
ES01060;Continent;0.0;0.0;198.0;242.00000000000003
ES01061;Continent;0.0;0.0;198.0;242.00000000000003
ES01062;Continent;0.0;0.0;198.0;242.00000000000003
ES01063;Continent;0.0;0.0;198.0;242.00000000000003
ES01064;Continent;0.0;0.0;198.0;242.00000000000003
ES01065;Continent;0.0;0.0;198.0;242.00000000000003
ES01066;Continent;0.0;0.0;198.0;242.00000000000003
ES01067;Continent;0.0;0.0;198.0;242.00000000000003
ES01068;Continent;0.0;0.0;198.0;242.00000000000003
ES01069;Continent;0.0;0.0;202.5;247.50000000000003
ES01070;Continent;0.0;0.0;198.0;242.00000000000003
ES01071;Continent;0.0;0.0;198.0;242.00000000000003
ES01073;Continent;0.0;0.0;198.0;242.00000000000003
ES01074;Continent;0.0;0.0;198.0;242.00000000000003
ES01075;Continent;0.0;0.0;360.0;440.00000000000006
ES01076;Continent;0.0;0.0;360.0;440.00000000000006
ES01077;Continent;0.0;0.0;198.0;242.00000000000003
ES01078;Continent;0.0;0.0;198.0;242.00000000000003
ES01079;Continent;0.0;0.0;360.0;440.00000000000006
ES01080;Continent;0.0;0.0;198.0;242.00000000000003
ES01081;Continent;0.0;0.0;118.8;145.20000000000002
ES01082;Continent;0.0;0.0;198.0;242.00000000000003
ES01083;Continent;0.0;0.0;360.0;440.00000000000006
ES01084;Continent;0.0;0.0;360.0;440.00000000000006
ES01085;Continent;0.0;0.0;198.0;242.00000000000003
ES01086;Continent;0.0;0.0;198.0;242.00000000000003
ES01088;Continent;0.0;0.0;198.0;242.00000000000003
ES01089;Continent;0.0;0.0;198.0;242.00000000000003
ES01090;Continent;0.0;0.0;198.0;242.00000000000003
ES01091;Continent;0.0;0.0;198.0;242.00000000000003
ES01092;Continent;0.0;0.0;360.0;440.00000000000006
ES01093;Continent;0.0;0.0;198.0;242.00000000000003
ES01094;Continent;0.0;0.0;360.0;440.00000000000006
ES01095;Continent;0.0;0.0;198.0;242.00000000000003
ES01096;Continent;0.0;0.0;198.0;242.00000000000003
ES01097;Continent;0.0;0.0;198.0;242.00000000000003
ES01100;Continent;0.0;0.0;360.0;440.00000000000006
ES01101;Continent;0.0;0.0;198.0;242.00000000000003
ES01102;Continent;0.0;0.0;198.0;242.00000000000003
ES01103;Continent;0.0;0.0;198.0;242.00000000000003
ES01104;Continent;0.0;0.0;198.0;242.00000000000003
ES01105;Continent;0.0;0.0;198.0;242.00000000000003
ES01106;Continent;0.0;0.0;198.0;242.00000000000003
ES01107;Continent;0.0;0.0;198.0;242.00000000000003
ES01108;Continent;0.0;0.0;360.0;440.00000000000006
ES01109;Continent;0.0;0.0;198.0;242.00000000000003
ES01110;Continent;0.0;0.0;198.0;242.00000000000003
ES01111;Continent;0.0;0.0;360.0;440.00000000000006
ES01112;Continent;0.0;0.0;198.0;242.00000000000003
ES01113;Continent;0.0;0.0;198.0;242.00000000000003
ES01114;Continent;0.0;0.0;198.0;242.00000000000003
ES01115;Continent;0.0;0.0;198.0;242.00000000000003
ES01116;Continent;0.0;0.0;360.0;440.00000000000006
ES01117;Continent;0.0;0.0;198.0;242.00000000000003
ES01118;Continent;0.0;0.0;198.0;242.00000000000003
ES01119;Continent;0.0;0.0;198.0;242.00000000000003
ES01120;Continent;0.0;0.0;198.0;242.00000000000003
ES01121;Continent;0.0;0.0;118.8;145.20000000000002
ES01122;Continent;0.0;0.0;198.0;242.00000000000003
ES01123;Continent;0.0;0.0;198.0;242.00000000000003
ES01124;Continent;0.0;0.0;198.0;242.00000000000003
ES01125;Continent;0.0;0.0;288.0;352.0
ES01126;Continent;0.0;0.0;288.0;352.0
ES01127;Continent;0.0;0.0;198.0;242.00000000000003
ES01128;Continent;0.0;0.0;198.0;242.00000000000003
ES01129;Continent;0.0;0.0;198.0;242.00000000000003
ES01130;Continent;0.0;0.0;198.0;242.00000000000003
ES01131;Continent;0.0;0.0;198.0;242.00000000000003
ES01132;Continent;0.0;0.0;198.0;242.00000000000003
ES01133;Continent;0.0;0.0;198.0;242.00000000000003
ES01134;Continent;0.0;0.0;198.0;242.00000000000003
ES01135;Continent;0.0;0.0;198.0;242.00000000000003
ES01136;Continent;0.0;0.0;360.0;440.00000000000006
ES01137;Continent;0.0;0.0;198.0;242.00000000000003
ES01140;Continent;0.0;0.0;198.0;242.00000000000003
ES01141;Continent;0.0;0.0;198.0;242.00000000000003
ES01142;Continent;0.0;0.0;360.0;440.00000000000006
ES01143;Continent;0.0;0.0;198.0;242.00000000000003
ES01144;Continent;0.0;0.0;198.0;242.00000000000003
ES01145;Continent;0.0;0.0;198.0;242.00000000000003
ES01146;Continent;0.0;0.0;360.0;440.00000000000006
ES01147;Continent;0.0;0.0;198.0;242.00000000000003
ES01148;Continent;0.0;0.0;360.0;440.00000000000006
ES01149;Continent;0.0;0.0;360.0;440.00000000000006
ES01150;Continent;0.0;0.0;198.0;242.00000000000003
ES01151;Continent;0.0;0.0;360.0;440.00000000000006
ES01152;Continent;0.0;0.0;198.0;242.00000000000003
ES01153;Continent;0.0;0.0;198.0;242.00000000000003
ES01154;Continent;0.0;0.0;198.0;242.00000000000003
ES01155;Continent;0.0;0.0;198.0;242.00000000000003
ES01156;Continent;0.0;0.0;198.0;242.00000000000003
ES01157;Continent;0.0;0.0;198.0;242.00000000000003
ES01158;Continent;0.0;0.0;198.0;242.00000000000003
ES01159;Continent;0.0;0.0;198.0;242.00000000000003
ES01160;Continent;0.0;0.0;198.0;242.00000000000003
ES01161;Continent;0.0;0.0;360.0;440.00000000000006
ES01162;Continent;0.0;0.0;198.0;242.00000000000003
ES01163;Continent;0.0;0.0;360.0;440.00000000000006
ES01164;Continent;0.0;0.0;360.0;440.00000000000006
ES01165;Continent;0.0;0.0;360.0;440.00000000000006
ES01166;Continent;0.0;0.0;198.0;242.00000000000003
ES01167;Continent;0.0;0.0;198.0;242.00000000000003
ES01168;Continent;0.0;0.0;360.0;440.00000000000006
ES01169;Continent;0.0;0.0;198.0;242.00000000000003
ES01170;Continent;0.0;0.0;198.0;242.00000000000003
ES01171;Continent;0.0;0.0;198.0;242.00000000000003
ES01172;Continent;0.0;0.0;198.0;242.00000000000003
ES01173;Continent;0.0;0.0;198.0;242.00000000000003
ES01174;Continent;0.0;0.0;198.0;242.00000000000003
ES01175;Continent;0.0;0.0;198.0;242.00000000000003
ES01176;Continent;0.0;0.0;198.0;242.00000000000003
ES01177;Continent;0.0;0.0;198.0;242.00000000000003
ES01178;Continent;0.0;0.0;198.0;242.00000000000003
ES01179;Continent;0.0;0.0;198.0;242.00000000000003
ES01180;Continent;0.0;0.0;198.0;242.00000000000003
ES01181;Continent;0.0;0.0;198.0;242.00000000000003
ES01182;Continent;0.0;0.0;198.0;242.00000000000003
ES01183;Continent;0.0;0.0;198.0;242.00000000000003
ES01184;Continent;0.0;0.0;198.0;242.00000000000003
ES01185;Continent;0.0;0.0;198.0;242.00000000000003
ES01186;Continent;0.0;0.0;198.0;242.00000000000003
ES01187;Continent;0.0;0.0;198.0;242.00000000000003
ES01188;Continent;0.0;0.0;360.0;440.00000000000006
ES01189;Continent;0.0;0.0;360.0;440.00000000000006
ES01190;Continent;0.0;0.0;198.0;242.00000000000003
ES01191;Continent;0.0;0.0;198.0;242.00000000000003
ES01192;Continent;0.0;0.0;198.0;242.00000000000003
ES01193;Continent;0.0;0.0;198.0;242.00000000000003
ES01194;Continent;0.0;0.0;198.0;242.00000000000003
ES01195;Continent;0.0;0.0;198.0;242.00000000000003
ES01196;Continent;0.0;0.0;360.0;440.00000000000006
ES01197;Continent;0.0;0.0;360.0;440.00000000000006
ES01198;Continent;0.0;0.0;198.0;242.00000000000003
ES01199;Continent;0.0;0.0;198.0;242.00000000000003
ES01200;Continent;0.0;0.0;198.0;242.00000000000003
ES01201;Continent;0.0;0.0;360.0;440.00000000000006
ES01202;Continent;0.0;0.0;198.0;242.00000000000003
ES01203;Continent;0.0;0.0;198.0;242.00000000000003
ES01204;Continent;0.0;0.0;198.0;242.00000000000003
ES01205;Continent;0.0;0.0;198.0;242.00000000000003
ES01206;Continent;0.0;0.0;198.0;242.00000000000003
ES01207;Continent;0.0;0.0;198.0;242.00000000000003
ES01208;Continent;0.0;0.0;198.0;242.00000000000003
ES01209;Continent;0.0;0.0;360.0;440.00000000000006
ES01210;Continent;0.0;0.0;360.0;440.00000000000006
ES01211;Continent;0.0;0.0;198.0;242.00000000000003
ES01212;Continent;0.0;0.0;198.0;242.00000000000003
ES01213;Continent;0.0;0.0;198.0;242.00000000000003
ES01214;Continent;0.0;0.0;198.0;242.00000000000003
ES01215;Continent;0.0;0.0;198.0;242.00000000000003
ES01216;Continent;0.0;0.0;198.0;242.00000000000003
ES01217;Continent;0.0;0.0;198.0;242.00000000000003
ES01218;Continent;0.0;0.0;360.0;440.00000000000006
ES01219;Continent;0.0;0.0;198.0;242.00000000000003
ES01220;Continent;0.0;0.0;198.0;242.00000000000003
ES01221;Continent;0.0;0.0;198.0;242.00000000000003
ES01222;Continent;0.0;0.0;198.0;242.00000000000003
ES01223;Continent;0.0;0.0;360.0;440.00000000000006
ES01225;Continent;0.0;0.0;360.0;440.00000000000006
ES01226;Continent;0.0;0.0;360.0;440.00000000000006
ES01227;Continent;0.0;0.0;198.0;242.00000000000003
ES01228;Continent;0.0;0.0;198.0;242.00000000000003
ES01229;Continent;0.0;0.0;198.0;242.00000000000003
ES01230;Continent;0.0;0.0;198.0;242.00000000000003
ES01231;Continent;0.0;0.0;198.0;242.00000000000003
ES01232;Continent;0.0;0.0;198.0;242.00000000000003
ES01233;Continent;0.0;0.0;198.0;242.00000000000003
ES01234;Continent;0.0;0.0;198.0;242.00000000000003
ES01235;Continent;0.0;0.0;198.0;242.00000000000003
ES01236;Continent;0.0;0.0;198.0;242.00000000000003
ES01237;Continent;0.0;0.0;198.0;242.00000000000003
ES01238;Continent;0.0;0.0;198.0;242.00000000000003
ES01239;Continent;0.0;0.0;198.0;242.00000000000003
ES01240;Continent;0.0;0.0;198.0;242.00000000000003
ES01243;Continent;0.0;0.0;198.0;242.00000000000003
ES01244;Continent;0.0;0.0;198.0;242.00000000000003
ES01245;Continent;0.0;0.0;198.0;242.00000000000003
ES01246;Continent;0.0;0.0;198.0;242.00000000000003
ES01247;Continent;0.0;0.0;198.0;242.00000000000003
ES01248;Continent;0.0;0.0;198.0;242.00000000000003
ES01249;Continent;0.0;0.0;198.0;242.00000000000003
ES01250;Continent;0.0;0.0;198.0;242.00000000000003
ES01251;Continent;0.0;0.0;198.0;242.00000000000003
ES01252;Continent;0.0;0.0;198.0;242.00000000000003
ES01253;Continent;0.0;0.0;198.0;242.00000000000003
ES01254;Continent;0.0;0.0;198.0;242.00000000000003
ES01255;Continent;0.0;0.0;198.0;242.00000000000003
ES01256;Continent;0.0;0.0;198.0;242.00000000000003
ES01257;Continent;0.0;0.0;198.0;242.00000000000003
ES01258;Continent;0.0;0.0;360.0;440.00000000000006
ES01259;Continent;0.0;0.0;360.0;440.00000000000006
