Type;Zone;value;Profile_Timeserie
Total;ES00001;129931.46194199499;Profile-Iberia2.csv
Total;ES00002;385880.303899822;Profile-Iberia2.csv
Total;ES00003;0.0;Profile-Iberia2.csv
Total;ES00004;389100.826337929;Profile-Iberia2.csv
Total;ES00005;286869.883302635;Profile-Iberia2.csv
Total;ES00006;192904.009997697;Profile-Iberia2.csv
Total;ES00007;0.0;Profile-Iberia2.csv
Total;ES00008;0.0;Profile-Iberia2.csv
Total;ES00009;453614.66853298503;Profile-Iberia2.csv
Total;ES00010;9973.3488388;Profile-Iberia2.csv
Total;ES00011;0.0;Profile-Iberia2.csv
Total;ES00012;1.06228288699469e6;Profile-Iberia2.csv
Total;ES00013;0.0;Profile-Iberia2.csv
Total;ES00014;562562.753509824;Profile-Iberia2.csv
Total;ES00015;184462.347943865;Profile-Iberia2.csv
Total;ES00016;939731.9319399401;Profile-Iberia2.csv
Total;ES00017;93809.18192983301;Profile-Iberia2.csv
Total;ES00018;0.0;Profile-Iberia2.csv
Total;ES00019;652000.131700961;Profile-Iberia2.csv
Total;ES00020;0.0;Profile-Iberia2.csv
Total;ES00021;387113.70520575804;Profile-Iberia2.csv
Total;ES00022;168971.632729105;Profile-Iberia2.csv
Total;ES00023;339821.27449414;Profile-Iberia2.csv
Total;ES00024;60200.368822275;Profile-Iberia2.csv
Total;ES00025;24588.651071769;Profile-Iberia2.csv
Total;ES00026;163947.443878293;Profile-Iberia2.csv
Total;ES00027;932851.693720366;Profile-Iberia2.csv
Total;ES00028;205991.285390226;Profile-Iberia2.csv
Total;ES00029;0.0;Profile-Iberia2.csv
Total;ES00030;451184.922859459;Profile-Iberia2.csv
Total;ES00031;0.0;Profile-Iberia2.csv
Total;ES00032;1.009788760122652e6;Profile-Iberia2.csv
Total;ES00033;0.0;Profile-Iberia2.csv
Total;ES00034;0.0;Profile-Iberia2.csv
Total;ES00035;73166.179805781;Profile-Iberia2.csv
Total;ES00036;64399.926421622;Profile-Iberia2.csv
Total;ES00037;33488.034938134;Profile-Iberia2.csv
Total;ES00038;48015.955995497;Profile-Iberia2.csv
Total;ES00039;0.0;Profile-Iberia2.csv
Total;ES00040;0.0;Profile-Iberia2.csv
Total;ES00041;125258.17027280499;Profile-Iberia2.csv
Total;ES00042;43516.282944854;Profile-Iberia2.csv
Total;ES00043;0.0;Profile-Iberia2.csv
Total;ES00044;76986.704399947;Profile-Iberia2.csv
Total;ES00045;23064.055429324002;Profile-Iberia2.csv
Total;ES00046;0.0;Profile-Iberia2.csv
Total;ES00047;687109.2933184659;Profile-Iberia2.csv
Total;ES00048;2.021207796785995e6;Profile-Iberia2.csv
Total;ES00049;0.0;Profile-Iberia2.csv
Total;ES00050;390028.85102231;Profile-Iberia2.csv
Total;ES00051;481256.39958070504;Profile-Iberia2.csv
Total;ES00052;773065.1492773431;Profile-Iberia2.csv
Total;ES00053;0.0;Profile-Iberia2.csv
Total;ES00054;0.0;Profile-Iberia2.csv
Total;ES00055;28536.12999175;Profile-Iberia2.csv
Total;ES00056;15554.764244;Profile-Iberia2.csv
Total;ES00057;14639.778112;Profile-Iberia2.csv
Total;ES00058;0.0;Profile-Iberia2.csv
Total;ES00059;6908.1452966;Profile-Iberia2.csv
Total;ES00060;0.0;Profile-Iberia2.csv
Total;ES00061;19306.2073852;Profile-Iberia2.csv
Total;ES00062;239026.40219302;Profile-Iberia2.csv
Total;ES00063;7045.393216400001;Profile-Iberia2.csv
Total;ES00064;0.0;Profile-Iberia2.csv
Total;ES00065;0.0;Profile-Iberia2.csv
Total;ES00066;26493.42345206;Profile-Iberia2.csv
Total;ES00067;27237.764670442;Profile-Iberia2.csv
Total;ES00068;21433.5501421;Profile-Iberia2.csv
Total;ES00069;14914.2739516;Profile-Iberia2.csv
Total;ES00070;0.0;Profile-Iberia2.csv
Total;ES00071;18734.3410527;Profile-Iberia2.csv
Total;ES00072;352665.621068623;Profile-Iberia2.csv
Total;ES00073;27789.272561505;Profile-Iberia2.csv
Total;ES00074;0.0;Profile-Iberia2.csv
Total;ES00075;179636.02484409802;Profile-Iberia2.csv
Total;ES00076;70737.57786492001;Profile-Iberia2.csv
Total;ES00077;448278.2406646279;Profile-Iberia2.csv
Total;ES00078;0.0;Profile-Iberia2.csv
Total;ES00079;4231.8108605;Profile-Iberia2.csv
Total;ES00080;7594.3848956;Profile-Iberia2.csv
Total;ES00081;42874.191426723;Profile-Iberia2.csv
Total;ES00082;0.0;Profile-Iberia2.csv
Total;ES00083;186803.339962587;Profile-Iberia2.csv
Total;ES00084;659056.504750945;Profile-Iberia2.csv
Total;ES00085;409921.564518122;Profile-Iberia2.csv
Total;ES00086;317301.407066823;Profile-Iberia2.csv
Total;ES00087;131770.584067315;Profile-Iberia2.csv
Total;ES00088;0.0;Profile-Iberia2.csv
Total;ES00089;63451.772042337005;Profile-Iberia2.csv
Total;ES00090;0.0;Profile-Iberia2.csv
Total;ES00091;0.0;Profile-Iberia2.csv
Total;ES00092;213470.153286661;Profile-Iberia2.csv
Total;ES00093;39948.752016186;Profile-Iberia2.csv
Total;ES00094;64900.423835826;Profile-Iberia2.csv
Total;ES00095;487834.00613711996;Profile-Iberia2.csv
Total;ES00096;68561.512096491;Profile-Iberia2.csv
Total;ES00097;0.0;Profile-Iberia2.csv
Total;ES00098;26449.275371191;Profile-Iberia2.csv
Total;ES00099;1.18490704094;Profile-Iberia2.csv
Total;ES00100;675761.635309402;Profile-Iberia2.csv
Total;ES00101;349452.418519572;Profile-Iberia2.csv
Total;ES00102;487939.00079576694;Profile-Iberia2.csv
Total;ES00103;110151.977980018;Profile-Iberia2.csv
Total;ES00104;0.0;Profile-Iberia2.csv
Total;ES00105;804609.982417642;Profile-Iberia2.csv
Total;ES00106;661438.442399074;Profile-Iberia2.csv
Total;ES00107;6176.1563909999995;Profile-Iberia2.csv
Total;ES00108;8097.6272682;Profile-Iberia2.csv
Total;ES00109;0.0;Profile-Iberia2.csv
Total;ES00110;1512.0145831300001;Profile-Iberia2.csv
Total;ES00111;48949.241850137;Profile-Iberia2.csv
Total;ES00112;15486.140284100002;Profile-Iberia2.csv
Total;ES00113;0.0;Profile-Iberia2.csv
Total;ES00114;0.0;Profile-Iberia2.csv
Total;ES00115;306546.888817828;Profile-Iberia2.csv
Total;ES00116;38340.20639613;Profile-Iberia2.csv
Total;ES00117;0.0;Profile-Iberia2.csv
Total;ES00118;138225.582482042;Profile-Iberia2.csv
Total;ES00119;198134.07072820902;Profile-Iberia2.csv
Total;ES00120;0.0;Profile-Iberia2.csv
Total;ES00121;674321.9046307;Profile-Iberia2.csv
Total;ES00122;0.0;Profile-Iberia2.csv
Total;ES00123;47067.115376613;Profile-Iberia2.csv
Total;ES00124;0.0;Profile-Iberia2.csv
Total;ES00125;0.0;Profile-Iberia2.csv
Total;ES00126;46146.410581288;Profile-Iberia2.csv
Total;ES00127;0.0;Profile-Iberia2.csv
Total;ES00128;21159.0543025;Profile-Iberia2.csv
Total;ES00129;34317.012373726;Profile-Iberia2.csv
Total;ES00130;0.0;Profile-Iberia2.csv
Total;ES00131;897686.2604557431;Profile-Iberia2.csv
Total;ES00132;28034.488844881;Profile-Iberia2.csv
Total;ES00134;17155.989974999997;Profile-Iberia2.csv
Total;ES00135;0.0;Profile-Iberia2.csv
Total;ES00136;0.0;Profile-Iberia2.csv
Total;ES00137;296085.166131073;Profile-Iberia2.csv
Total;ES00140;6473.5268839;Profile-Iberia2.csv
Total;ES00141;8783.8668672;Profile-Iberia2.csv
Total;ES00142;387811.839624474;Profile-Iberia2.csv
Total;ES00143;231080.89136926498;Profile-Iberia2.csv
Total;ES00144;1.25650013083834e6;Profile-Iberia2.csv
Total;ES00145;125421.037804301;Profile-Iberia2.csv
Total;ES00146;0.0;Profile-Iberia2.csv
Total;ES00147;406464.28941836;Profile-Iberia2.csv
Total;ES00148;0.0;Profile-Iberia2.csv
Total;ES00149;0.0;Profile-Iberia2.csv
Total;ES00150;47694.338370099;Profile-Iberia2.csv
Total;ES00151;318309.264291221;Profile-Iberia2.csv
Total;ES00152;74807.436180056;Profile-Iberia2.csv
Total;ES00153;0.0;Profile-Iberia2.csv
Total;ES00154;10842.5856642;Profile-Iberia2.csv
Total;ES00155;6610.7748037;Profile-Iberia2.csv
Total;ES00156;0.0;Profile-Iberia2.csv
Total;ES00157;14159.4103927;Profile-Iberia2.csv
Total;ES00158;0.0;Profile-Iberia2.csv
Total;ES00159;5741.5379783;Profile-Iberia2.csv
Total;ES00160;930.99838931;Profile-Iberia2.csv
Total;ES00161;10796.836357600001;Profile-Iberia2.csv
Total;ES00162;0.0;Profile-Iberia2.csv
Total;ES00163;20610.0626233;Profile-Iberia2.csv
Total;ES00164;122474.55371272801;Profile-Iberia2.csv
Total;ES00165;0.0;Profile-Iberia2.csv
Total;ES00166;11574.5745698;Profile-Iberia2.csv
Total;ES00167;12054.9422891;Profile-Iberia2.csv
Total;ES00168;0.0;Profile-Iberia2.csv
Total;ES00169;76950.104954667;Profile-Iberia2.csv
Total;ES00170;0.0;Profile-Iberia2.csv
Total;ES00171;100632.004769624;Profile-Iberia2.csv
Total;ES00172;798756.816131238;Profile-Iberia2.csv
Total;ES00173;0.0;Profile-Iberia2.csv
Total;ES00174;5.262690737204852e6;Profile-Iberia2.csv
Total;ES00175;12398.062088600002;Profile-Iberia2.csv
Total;ES00176;0.0;Profile-Iberia2.csv
Total;ES00177;746224.488588189;Profile-Iberia2.csv
Total;ES00178;85424.935255784;Profile-Iberia2.csv
Total;ES00179;0.0;Profile-Iberia2.csv
Total;ES00180;0.0;Profile-Iberia2.csv
Total;ES00181;71550.771789735;Profile-Iberia2.csv
Total;ES00182;24185.599680623;Profile-Iberia2.csv
Total;ES00183;0.0;Profile-Iberia2.csv
Total;ES00184;14616.903458699999;Profile-Iberia2.csv
Total;ES00185;0.0;Profile-Iberia2.csv
Total;ES00186;48266.204702599;Profile-Iberia2.csv
Total;ES00187;432655.76744686;Profile-Iberia2.csv
Total;ES00188;0.0;Profile-Iberia2.csv
Total;ES00189;409290.45283357496;Profile-Iberia2.csv
Total;ES00190;0.0;Profile-Iberia2.csv
Total;ES00191;538578.4507782409;Profile-Iberia2.csv
Total;ES00192;608292.616654519;Profile-Iberia2.csv
Total;ES00193;0.0;Profile-Iberia2.csv
Total;ES00194;24875.499224150997;Profile-Iberia2.csv
Total;ES00195;143210.198182645;Profile-Iberia2.csv
Total;ES00196;0.0;Profile-Iberia2.csv
Total;ES00197;224646.251395975;Profile-Iberia2.csv
Total;ES00198;216640.808980574;Profile-Iberia2.csv
Total;ES00199;74879.49133795101;Profile-Iberia2.csv
Total;ES00200;327592.713586493;Profile-Iberia2.csv
Total;ES00201;717268.379961851;Profile-Iberia2.csv
Total;ES00202;211532.89889868398;Profile-Iberia2.csv
Total;ES00203;0.0;Profile-Iberia2.csv
Total;ES00204;437127.990913543;Profile-Iberia2.csv
Total;ES00205;251321.070848704;Profile-Iberia2.csv
Total;ES00206;0.0;Profile-Iberia2.csv
Total;ES00207;0.0;Profile-Iberia2.csv
Total;ES00208;65984.91114877899;Profile-Iberia2.csv
Total;ES00209;502247.096434917;Profile-Iberia2.csv
Total;ES00210;0.0;Profile-Iberia2.csv
Total;ES00211;696505.972147573;Profile-Iberia2.csv
Total;ES00212;1.0430032142073179e6;Profile-Iberia2.csv
Total;ES00213;184740.961221059;Profile-Iberia2.csv
Total;ES00214;1.358382692903875e6;Profile-Iberia2.csv
Total;ES00215;229414.47287636;Profile-Iberia2.csv
Total;ES00216;702073.4340142601;Profile-Iberia2.csv
Total;ES00217;160321.125090644;Profile-Iberia2.csv
Total;ES00218;968106.5668793919;Profile-Iberia2.csv
Total;ES00219;2.06017591241521e6;Profile-Iberia2.csv
Total;ES00220;0.0;Profile-Iberia2.csv
Total;ES00221;31381.050622671002;Profile-Iberia2.csv
Total;ES00222;687282.911937013;Profile-Iberia2.csv
Total;ES00223;63121.004555619;Profile-Iberia2.csv
Total;ES00224;0.0;Profile-Iberia2.csv
Total;ES00225;3385.4486884000003;Profile-Iberia2.csv
Total;ES00226;0.0;Profile-Iberia2.csv
Total;ES00227;9378.607853;Profile-Iberia2.csv
Total;ES00228;1.286151400178465e6;Profile-Iberia2.csv
Total;ES00229;0.0;Profile-Iberia2.csv
Total;ES00230;37013.705251263;Profile-Iberia2.csv
Total;ES00231;20632.937276599998;Profile-Iberia2.csv
Total;ES00232;129986.58985644799;Profile-Iberia2.csv
Total;ES00233;79321.062769212;Profile-Iberia2.csv
Total;ES00234;26593.156940448;Profile-Iberia2.csv
Total;ES00235;0.0;Profile-Iberia2.csv
Total;ES00236;293378.637152617;Profile-Iberia2.csv
Total;ES00237;0.0;Profile-Iberia2.csv
Total;ES00238;331870.04500706;Profile-Iberia2.csv
Total;ES00239;592043.377936331;Profile-Iberia2.csv
Total;ES00240;128586.66107448799;Profile-Iberia2.csv
Total;ES00241;6816.6466834;Profile-Iberia2.csv
Total;ES00242;57733.108717337;Profile-Iberia2.csv
Total;ES00243;0.0;Profile-Iberia2.csv
Total;ES00244;62195.03859003501;Profile-Iberia2.csv
Total;ES00245;0.0;Profile-Iberia2.csv
Total;ES00246;11414.4519967;Profile-Iberia2.csv
Total;ES00247;1.047450504301904e6;Profile-Iberia2.csv
Total;ES00248;0.0;Profile-Iberia2.csv
Total;ES00249;0.0;Profile-Iberia2.csv
Total;ES00250;203506.869295313;Profile-Iberia2.csv
Total;ES00251;0.0;Profile-Iberia2.csv
Total;ES00252;185282.861757736;Profile-Iberia2.csv
Total;ES00253;0.0;Profile-Iberia2.csv
Total;ES00254;0.0;Profile-Iberia2.csv
Total;ES00255;77722.810743141;Profile-Iberia2.csv
Total;ES00256;437020.480043033;Profile-Iberia2.csv
Total;ES00257;0.0;Profile-Iberia2.csv
Total;ES00258;0.0;Profile-Iberia2.csv
Total;ES00259;146047.79892451002;Profile-Iberia2.csv
Total;ES00260;0.0;Profile-Iberia2.csv
Total;ES00261;356163.155558193;Profile-Iberia2.csv
Total;ES00262;207297.885586722;Profile-Iberia2.csv
Total;ES00263;0.0;Profile-Iberia2.csv
Total;ES00264;0.0;Profile-Iberia2.csv
Total;ES00265;200213.37671317902;Profile-Iberia2.csv
Total;ES00266;336562.09389195597;Profile-Iberia2.csv
Total;ES00267;25975.998794414;Profile-Iberia2.csv
Total;ES00268;0.0;Profile-Iberia2.csv
Total;ES00269;0.0;Profile-Iberia2.csv
Total;ES00270;137653.029909943;Profile-Iberia2.csv
Total;ES00271;21593.672715200002;Profile-Iberia2.csv
Total;ES00272;230797.474414878;Profile-Iberia2.csv
Total;ES00273;417655.713545385;Profile-Iberia2.csv
Total;ES00274;567077.066338579;Profile-Iberia2.csv
Total;ES00275;575153.42017921;Profile-Iberia2.csv
Total;ES00276;0.0;Profile-Iberia2.csv
Total;ES00277;1.0;exp_load_ES00277.csv
Total;ES00278;9996.2234921;Profile-Iberia2.csv
Total;ES00279;0.0;Profile-Iberia2.csv
Total;ES00280;597767.073685057;Profile-Iberia2.csv
Total;ES00281;235224.406068027;Profile-Iberia2.csv
Total;ES00282;0.0;Profile-Iberia2.csv
Total;ES00283;1.135628404082343e6;Profile-Iberia2.csv
Total;ES00284;18528.469173;Profile-Iberia2.csv
Total;ES00285;225845.340721961;Profile-Iberia2.csv
Total;ES00286;42074.264800822;Profile-Iberia2.csv
Total;ES00287;358575.287748678;Profile-Iberia2.csv
Total;ES00288;283762.819144896;Profile-Iberia2.csv
Total;ES00289;375887.96909878304;Profile-Iberia2.csv
Total;ES00290;797196.764776178;Profile-Iberia2.csv
Total;ES00291;337428.58575896;Profile-Iberia2.csv
Total;ES00292;147444.067761942;Profile-Iberia2.csv
Total;ES00293;19123.2101588;Profile-Iberia2.csv
Total;ES00294;0.0;Profile-Iberia2.csv
Total;ES00295;335174.974915844;Profile-Iberia2.csv
Total;ES00296;0.0;Profile-Iberia2.csv
Total;ES00297;318453.832100077;Profile-Iberia2.csv
Total;ES00298;332860.746241483;Profile-Iberia2.csv
Total;ES00299;292198.30504233704;Profile-Iberia2.csv
Total;ES00300;70227.015603264;Profile-Iberia2.csv
Total;ES00301;0.0;Profile-Iberia2.csv
Total;ES00302;863367.18936322;Profile-Iberia2.csv
Total;ES00303;0.0;Profile-Iberia2.csv
Total;ES00304;34781.367835715995;Profile-Iberia2.csv
Total;ES00305;4940.9251128;Profile-Iberia2.csv
Total;ES00306;451667.120551023;Profile-Iberia2.csv
Total;ES00307;1.176573118503211e6;Profile-Iberia2.csv
Total;ES00308;83439.186602811;Profile-Iberia2.csv
Total;ES00309;26682.596834851;Profile-Iberia2.csv
Total;ES00310;512055.747769957;Profile-Iberia2.csv
Total;ES00311;150683.347415755;Profile-Iberia2.csv
Total;ES00312;686884.892969593;Profile-Iberia2.csv
Total;ES00313;68462.00735463599;Profile-Iberia2.csv
Total;ES00314;1299.28030744;Profile-Iberia2.csv
Total;ES00315;563594.8578667201;Profile-Iberia2.csv
Total;ES00316;77981.065578898;Profile-Iberia2.csv
Total;ES00317;18894.4636258;Profile-Iberia2.csv
Total;ES00318;67509.96428429;Profile-Iberia2.csv
Total;ES00319;448374.085461955;Profile-Iberia2.csv
Total;ES00320;194968.676204555;Profile-Iberia2.csv
Total;ES00321;48397.733959074;Profile-Iberia2.csv
Total;ES00322;94323.404136017;Profile-Iberia2.csv
Total;ES00323;206164.90400877298;Profile-Iberia2.csv
Total;ES00324;52305.639728846;Profile-Iberia2.csv
Total;ES00325;5650.0393651;Profile-Iberia2.csv
Total;ES00326;0.0;Profile-Iberia2.csv
Total;ES00327;41937.703120621;Profile-Iberia2.csv
Total;ES00328;11025.5828906;Profile-Iberia2.csv
Total;ES00329;160875.14919357;Profile-Iberia2.csv
Total;ES00330;0.0;Profile-Iberia2.csv
Total;ES00331;33984.87240781;Profile-Iberia2.csv
Total;ES00332;194445.30413705102;Profile-Iberia2.csv
Total;ES00333;47659.568897083;Profile-Iberia2.csv
Total;ES00334;6633.649457;Profile-Iberia2.csv
Total;ES00335;49320.726219729;Profile-Iberia2.csv
Total;ES00336;0.0;Profile-Iberia2.csv
Total;ES00337;285877.352095948;Profile-Iberia2.csv
Total;ES00338;155422.289339916;Profile-Iberia2.csv
Total;ES00339;147277.99777898402;Profile-Iberia2.csv
Total;ES00340;73969.537629677;Profile-Iberia2.csv
Total;ES00341;298707.05889231904;Profile-Iberia2.csv
Total;ES00342;170493.025920088;Profile-Iberia2.csv
Total;ES00343;80190.75708767801;Profile-Iberia2.csv
Total;ES00344;176867.04806213302;Profile-Iberia2.csv
Total;ES00345;572997.255359152;Profile-Iberia2.csv
Total;ES00346;478982.65904268494;Profile-Iberia2.csv
Total;ES00347;334914.432614757;Profile-Iberia2.csv
Total;ES00348;0.0;Profile-Iberia2.csv
Total;ES00349;349533.16604572104;Profile-Iberia2.csv
Total;ES00350;953120.2377698971;Profile-Iberia2.csv
Total;ES00351;236109.42640420402;Profile-Iberia2.csv
Total;ES00352;494981.42030723795;Profile-Iberia2.csv
Total;ES00353;356836.127858279;Profile-Iberia2.csv
Total;ES00354;124698.88499961999;Profile-Iberia2.csv
Total;ES00355;111738.563932906;Profile-Iberia2.csv
Total;ES00356;162008.359518052;Profile-Iberia2.csv
Total;ES00357;48437.07836275;Profile-Iberia2.csv
Total;ES00358;30288.785927596;Profile-Iberia2.csv
Total;ES00359;54830.315213567;Profile-Iberia2.csv
Total;ES00360;6908.1452966;Profile-Iberia2.csv
Total;ES00361;174650.49415736302;Profile-Iberia2.csv
Total;ES00362;0.0;Profile-Iberia2.csv
Total;ES00363;21959.667168;Profile-Iberia2.csv
Total;ES00364;913920.401902753;Profile-Iberia2.csv
Total;ES00365;276936.107614044;Profile-Iberia2.csv
Total;ES00366;11071.3321972;Profile-Iberia2.csv
Total;ES00367;216520.03081115;Profile-Iberia2.csv
Total;ES00368;50355.118041955;Profile-Iberia2.csv
Total;ES00369;0.0;Profile-Iberia2.csv
Total;ES00370;805999.84635215;Profile-Iberia2.csv
Total;ES00371;0.0;Profile-Iberia2.csv
Total;ES00372;12283.688822099999;Profile-Iberia2.csv
Total;ES00373;27664.834447553003;Profile-Iberia2.csv
Total;ES00374;0.0;Profile-Iberia2.csv
Total;ES00375;144898.805089251;Profile-Iberia2.csv
Total;ES00376;0.0;Profile-Iberia2.csv
Total;ES00377;11620.3238764;Profile-Iberia2.csv
Total;ES00378;0.0;Profile-Iberia2.csv
Total;ES00379;71720.959210287;Profile-Iberia2.csv
Total;ES00380;19969.5723309;Profile-Iberia2.csv
Total;ES00381;15005.7725648;Profile-Iberia2.csv
Total;ES00382;183144.310420719;Profile-Iberia2.csv
Total;ES00383;254997.256380547;Profile-Iberia2.csv
Total;ES00384;56855.637016748995;Profile-Iberia2.csv
Total;ES00385;0.0;Profile-Iberia2.csv
Total;ES00386;8006.1286549999995;Profile-Iberia2.csv
Total;ES00387;225845.569468494;Profile-Iberia2.csv
Total;ES00388;28875.361100189002;Profile-Iberia2.csv
Total;ES00389;27790.187547637;Profile-Iberia2.csv
Total;ES00390;169438.73314949102;Profile-Iberia2.csv
Total;ES00391;48639.976537521005;Profile-Iberia2.csv
Total;ES00392;0.0;Profile-Iberia2.csv
Total;ES00393;200166.483673914;Profile-Iberia2.csv
Total;ES00394;328267.744605376;Profile-Iberia2.csv
Total;ES00395;37056.023359868;Profile-Iberia2.csv
Total;ES00396;133380.044673503;Profile-Iberia2.csv
Total;ES00397;0.0;Profile-Iberia2.csv
Total;ES00398;331899.553309817;Profile-Iberia2.csv
Total;ES00399;34375.113993107996;Profile-Iberia2.csv
Total;ES00400;13130.050994199999;Profile-Iberia2.csv
Total;ES00401;164306.80468163601;Profile-Iberia2.csv
Total;ES00402;544371.227979933;Profile-Iberia2.csv
Total;ES00403;11185.7054637;Profile-Iberia2.csv
Total;ES00404;48493.350009868;Profile-Iberia2.csv
Total;ES00405;84479.068341829;Profile-Iberia2.csv
Total;ES00406;80003.642423684;Profile-Iberia2.csv
Total;ES00407;7480.0116291;Profile-Iberia2.csv
Total;ES00408;0.0;Profile-Iberia2.csv
Total;ES00409;3362.5740351;Profile-Iberia2.csv
Total;ES00410;31765.802291177;Profile-Iberia2.csv
Total;ES00411;333028.874943238;Profile-Iberia2.csv
Total;ES00412;13290.1735673;Profile-Iberia2.csv
Total;ES00413;39733.2727821;Profile-Iberia2.csv
Total;ES00414;6084.6577778;Profile-Iberia2.csv
Total;ES00415;0.0;Profile-Iberia2.csv
Total;ES00416;39661.217624205;Profile-Iberia2.csv
Total;ES00417;7068.2678697;Profile-Iberia2.csv
Total;ES00418;0.0;Profile-Iberia2.csv
Total;ES00419;116353.75398271401;Profile-Iberia2.csv
Total;ES00420;124080.811867454;Profile-Iberia2.csv
Total;ES00421;405322.38672562403;Profile-Iberia2.csv
Total;ES00422;1.374805778987143e6;Profile-Iberia2.csv
Total;ES00423;356764.53019345005;Profile-Iberia2.csv
Total;ES00424;29933.77130838;Profile-Iberia2.csv
Total;ES00425;2744.958396;Profile-Iberia2.csv
Total;ES00426;129374.006641074;Profile-Iberia2.csv
Total;ES00427;572559.891988056;Profile-Iberia2.csv
Total;ES00428;1.752529439013251e6;Profile-Iberia2.csv
Total;ES00429;63250.932586363;Profile-Iberia2.csv
Total;ES00430;8417.8724144;Profile-Iberia2.csv
Total;ES00431;0.0;Profile-Iberia2.csv
Total;ES00432;43122.381415028;Profile-Iberia2.csv
Total;ES00433;16195.2545364;Profile-Iberia2.csv
Total;ES00434;274015.70062723296;Profile-Iberia2.csv
Total;ES00435;0.0;Profile-Iberia2.csv
Total;ES00436;317605.868702246;Profile-Iberia2.csv
Total;ES00437;129886.17012846099;Profile-Iberia2.csv
Total;ES00438;458777.47778279503;Profile-Iberia2.csv
Total;ES00439;51920.88806034;Profile-Iberia2.csv
Total;ES00440;307665.688110731;Profile-Iberia2.csv
Total;ES00441;0.0;Profile-Iberia2.csv
Total;ES00442;107923.300508999;Profile-Iberia2.csv
Total;ES00443;0.0;Profile-Iberia2.csv
Total;ES00444;37769.941289361;Profile-Iberia2.csv
Total;ES00445;453195.376137996;Profile-Iberia2.csv
Total;ES00446;1.215230367594079e6;Profile-Iberia2.csv
Total;ES00447;101583.361600371;Profile-Iberia2.csv
Total;ES00448;918927.892256656;Profile-Iberia2.csv
Total;ES00449;203273.547831653;Profile-Iberia2.csv
Total;ES00450;587891.1708693149;Profile-Iberia2.csv
Total;ES00451;1.000996658380264e6;Profile-Iberia2.csv
Total;ES00452;124307.499681657;Profile-Iberia2.csv
Total;ES00453;204404.69943733801;Profile-Iberia2.csv
Total;ES00454;108173.549216101;Profile-Iberia2.csv
Total;ES00455;28509.824140455;Profile-Iberia2.csv
Total;ES00456;11963.4436759;Profile-Iberia2.csv
Total;ES00457;10133.4714119;Profile-Iberia2.csv
Total;ES00458;567445.805749775;Profile-Iberia2.csv
Total;ES00459;221968.086987611;Profile-Iberia2.csv
Total;ES00460;69373.791035174;Profile-Iberia2.csv
Total;ES00461;285428.551398202;Profile-Iberia2.csv
Total;ES00462;45166.00294085;Profile-Iberia2.csv
Total;ES00463;12192.1902089;Profile-Iberia2.csv
Total;ES00464;19763.7004512;Profile-Iberia2.csv
Total;ES00465;411.7437594;Profile-Iberia2.csv
Total;ES00466;32980.903874473;Profile-Iberia2.csv
Total;ES00467;60032.926360119;Profile-Iberia2.csv
Total;ES00468;5878.7858981;Profile-Iberia2.csv
Total;ES00469;2.0463792940238481e6;Profile-Iberia2.csv
Total;ES00470;0.0;Profile-Iberia2.csv
Total;ES00471;260890.22456369302;Profile-Iberia2.csv
Total;ES00472;307823.980711567;Profile-Iberia2.csv
Total;ES00473;431075.815143429;Profile-Iberia2.csv
Total;ES00474;500417.810410516;Profile-Iberia2.csv
Total;ES00475;66892.34864519;Profile-Iberia2.csv
Total;ES00476;79360.63591942101;Profile-Iberia2.csv
Total;ES00477;333050.148370807;Profile-Iberia2.csv
Total;ES00478;0.0;Profile-Iberia2.csv
Total;ES00479;48039.745634929;Profile-Iberia2.csv
Total;ES00480;753526.306668082;Profile-Iberia2.csv
Total;ES00481;297633.093919884;Profile-Iberia2.csv
Total;ES00482;292920.229100485;Profile-Iberia2.csv
Total;ES00483;0.0;Profile-Iberia2.csv
Total;ES00484;21433.5501421;Profile-Iberia2.csv
Total;ES00485;176243.485013175;Profile-Iberia2.csv
Total;ES00486;0.0;Profile-Iberia2.csv
Total;ES00487;207573.067665921;Profile-Iberia2.csv
Total;ES00488;0.0;Profile-Iberia2.csv
Total;ES00489;0.0;Profile-Iberia2.csv
Total;ES00490;297128.707814619;Profile-Iberia2.csv
Total;ES00491;234945.33529776701;Profile-Iberia2.csv
Total;ES00492;47393.307932671;Profile-Iberia2.csv
Total;ES00493;87271.148523627;Profile-Iberia2.csv
Total;ES00494;238994.3776784;Profile-Iberia2.csv
Total;ES00495;324395.065801686;Profile-Iberia2.csv
Total;ES00496;312849.999534643;Profile-Iberia2.csv
Total;ES00497;0.0;Profile-Iberia2.csv
Total;ES00498;323330.479437104;Profile-Iberia2.csv
Total;ES00499;390811.850404769;Profile-Iberia2.csv
Total;ES00500;0.0;Profile-Iberia2.csv
Total;ES00501;119758.646126419;Profile-Iberia2.csv
Total;ES00502;0.0;Profile-Iberia2.csv
Total;ES00503;666083.598244705;Profile-Iberia2.csv
Total;ES00504;211083.411961339;Profile-Iberia2.csv
Total;ES00505;256288.301812799;Profile-Iberia2.csv
Total;ES00506;341868.55596449;Profile-Iberia2.csv
Total;ES00507;530559.9698104591;Profile-Iberia2.csv
Total;ES00508;0.0;Profile-Iberia2.csv
Total;ES00509;113457.13663533502;Profile-Iberia2.csv
Total;ES00510;258532.30530152898;Profile-Iberia2.csv
Total;ES00511;69751.222814624;Profile-Iberia2.csv
Total;ES00512;84364.237582263;Profile-Iberia2.csv
Total;ES00513;438607.523488987;Profile-Iberia2.csv
Total;ES00514;222043.34459696797;Profile-Iberia2.csv
Total;ES00515;242628.931341237;Profile-Iberia2.csv
Total;ES00516;28382.412321573996;Profile-Iberia2.csv
Total;ES00517;153500.818462716;Profile-Iberia2.csv
Total;ES00518;950224.306662117;Profile-Iberia2.csv
Total;ES00519;32854.178295191006;Profile-Iberia2.csv
Total;ES00520;2.330061594389128e6;Profile-Iberia2.csv
Total;ES00521;1.2714837149894391e6;Profile-Iberia2.csv
Total;ES00522;26392.317484474002;Profile-Iberia2.csv
Total;ES00523;23850.943502844;Profile-Iberia2.csv
Total;ES00524;83022.18167315201;Profile-Iberia2.csv
Total;ES00525;21456.424795400002;Profile-Iberia2.csv
Total;ES00526;314813.331027382;Profile-Iberia2.csv
Total;ES00527;9470.106466199999;Profile-Iberia2.csv
Total;ES00530;82276.239229039;Profile-Iberia2.csv
Total;ES00531;21547.9234086;Profile-Iberia2.csv
Total;ES00532;118448.38598539501;Profile-Iberia2.csv
Total;ES00533;168904.838741469;Profile-Iberia2.csv
Total;ES00534;232057.639065175;Profile-Iberia2.csv
Total;ES00535;1.705896484556272e6;Profile-Iberia2.csv
Total;ES00536;39582.30007032;Profile-Iberia2.csv
Total;ES00537;136066.215210522;Profile-Iberia2.csv
Total;ES00538;210820.124701856;Profile-Iberia2.csv
Total;ES00539;93902.51051529699;Profile-Iberia2.csv
Total;ES00540;352579.61237221496;Profile-Iberia2.csv
Total;ES00541;31728.974099364;Profile-Iberia2.csv
Total;ES00542;6862.39599;Profile-Iberia2.csv
Total;ES00543;3042.3288889;Profile-Iberia2.csv
Total;ES00544;129967.60389420901;Profile-Iberia2.csv
Total;ES00545;642762.660458822;Profile-Iberia2.csv
Total;ES00546;7754.5074687;Profile-Iberia2.csv
Total;ES00547;0.0;Profile-Iberia2.csv
Total;ES00548;2676.3344361;Profile-Iberia2.csv
Total;ES00549;50159.311009707;Profile-Iberia2.csv
Total;ES00550;47486.407771602;Profile-Iberia2.csv
Total;ES00551;4.601404639996755e6;Profile-Iberia2.csv
Total;ES00552;86383.383229054;Profile-Iberia2.csv
Total;ES00553;595845.145314791;Profile-Iberia2.csv
Total;ES00554;193468.78518767402;Profile-Iberia2.csv
Total;ES00555;81058.85018041299;Profile-Iberia2.csv
Total;ES00556;11437.32665;Profile-Iberia2.csv
Total;ES00557;227094.52553867397;Profile-Iberia2.csv
Total;ES00558;0.0;Profile-Iberia2.csv
Total;ES00559;165983.516768526;Profile-Iberia2.csv
Total;ES00560;38373.145896882;Profile-Iberia2.csv
Total;ES00561;576129.252888988;Profile-Iberia2.csv
Total;ES00562;337853.139324208;Profile-Iberia2.csv
Total;ES00563;211592.144250731;Profile-Iberia2.csv
Total;ES00564;10293.593985000001;Profile-Iberia2.csv
Total;ES00565;3545.5712615;Profile-Iberia2.csv
Total;ES00566;0.0;Profile-Iberia2.csv
Total;ES00567;624680.704518238;Profile-Iberia2.csv
Total;ES00568;0.0;Profile-Iberia2.csv
Total;ES00569;954502.0955757501;Profile-Iberia2.csv
Total;ES00570;98021.091841962;Profile-Iberia2.csv
Total;ES00571;0.0;Profile-Iberia2.csv
Total;ES00572;70191.559890649;Profile-Iberia2.csv
Total;ES00573;193539.010373305;Profile-Iberia2.csv
Total;ES00574;7136.8918296;Profile-Iberia2.csv
Total;ES00575;16629.8729491;Profile-Iberia2.csv
Total;ES00576;34320.214825188006;Profile-Iberia2.csv
Total;ES00577;1.5779894294313272e6;Profile-Iberia2.csv
Total;ES00578;0.0;Profile-Iberia2.csv
Total;ES00579;170509.72441699702;Profile-Iberia2.csv
Total;ES00580;82025.990521937;Profile-Iberia2.csv
Total;ES00581;63849.562263224005;Profile-Iberia2.csv
Total;ES00582;81292.400390606;Profile-Iberia2.csv
Total;ES00583;275723.979735677;Profile-Iberia2.csv
Total;ES00584;0.0;Profile-Iberia2.csv
Total;ES00585;14136.5357394;Profile-Iberia2.csv
Total;ES00586;382803.663030972;Profile-Iberia2.csv
Total;ES00587;61092.251554442;Profile-Iberia2.csv
Total;ES00588;660031.422474591;Profile-Iberia2.csv
Total;ES00589;217734.67490138;Profile-Iberia2.csv
Total;ES00590;173592.083949172;Profile-Iberia2.csv
Total;ES00591;371594.625420906;Profile-Iberia2.csv
Total;ES00592;551732.06266534;Profile-Iberia2.csv
Total;ES00593;70470.859407442;Profile-Iberia2.csv
Total;ES00594;452267.351453615;Profile-Iberia2.csv
Total;ES00595;285483.679312655;Profile-Iberia2.csv
Total;ES00596;779839.477852138;Profile-Iberia2.csv
Total;ES00597;219320.574614669;Profile-Iberia2.csv
Total;ES00598;2333.2146366;Profile-Iberia2.csv
Total;ES00599;535998.8761256001;Profile-Iberia2.csv
Total;ES00600;687511.887216546;Profile-Iberia2.csv
Total;ES00601;334507.26378601696;Profile-Iberia2.csv
Total;ES00602;0.0;Profile-Iberia2.csv
Total;ES00603;0.0;Profile-Iberia2.csv
Total;ES00604;644314.0194456279;Profile-Iberia2.csv
Total;ES00605;955547.2384850269;Profile-Iberia2.csv
Total;ES00606;262342.53630171;Profile-Iberia2.csv
Total;ES00607;155348.861702823;Profile-Iberia2.csv
Total;ES00608;1.0998670860992551e6;Profile-Iberia2.csv
Total;ES00609;16652.7476024;Profile-Iberia2.csv
Total;ES00610;97458.604117315;Profile-Iberia2.csv
Total;ES00611;14571.1541521;Profile-Iberia2.csv
Total;ES00612;0.0;Profile-Iberia2.csv
Total;ES00613;32687.422072634;Profile-Iberia2.csv
Total;ES00614;669440.9111095461;Profile-Iberia2.csv
Total;ES00615;20518.5640101;Profile-Iberia2.csv
Total;ES00616;742209.071947907;Profile-Iberia2.csv
Total;ES00617;227731.584633079;Profile-Iberia2.csv
Total;ES00618;296289.665531575;Profile-Iberia2.csv
Total;ES00619;105030.800599214;Profile-Iberia2.csv
Total;ES00620;172.703632415;Profile-Iberia2.csv
Total;ES00621;7159.7664829000005;Profile-Iberia2.csv
Total;ES00622;57.18663325;Profile-Iberia2.csv
Total;ES00623;117293.673486811;Profile-Iberia2.csv
Total;ES00624;543609.502025043;Profile-Iberia2.csv
Total;ES00625;0.0;Profile-Iberia2.csv
Total;ES00626;274723.213653802;Profile-Iberia2.csv
Total;ES00628;6336.2789641;Profile-Iberia2.csv
Total;ES00629;23610.302150127998;Profile-Iberia2.csv
Total;ES00630;11963.4436759;Profile-Iberia2.csv
Total;ES00631;5375.543525499999;Profile-Iberia2.csv
Total;ES00632;489059.401314401;Profile-Iberia2.csv
Total;ES00633;59801.434868723;Profile-Iberia2.csv
Total;ES00634;557997.658950743;Profile-Iberia2.csv
Total;ES00635;0.0;Profile-Iberia2.csv
Total;ES00636;1.7943493376693767e6;Profile-Iberia2.csv
Total;ES00637;0.0;Profile-Iberia2.csv
Total;ES00638;547159.876963736;Profile-Iberia2.csv
Total;ES00639;126328.475300712;Profile-Iberia2.csv
Total;ES00640;5855.9112448;Profile-Iberia2.csv
Total;ES00641;135148.941613192;Profile-Iberia2.csv
Total;ES00642;79067.154117582;Profile-Iberia2.csv
Total;ES00643;23624.94192824;Profile-Iberia2.csv
Total;ES00644;0.0;Profile-Iberia2.csv
Total;ES00645;21250.5529157;Profile-Iberia2.csv
Total;ES00646;18093.8507603;Profile-Iberia2.csv
Total;ES00647;0.0;Profile-Iberia2.csv
Total;ES00648;217330.25103103602;Profile-Iberia2.csv
Total;ES00649;34693.757913577;Profile-Iberia2.csv
Total;ES00650;13862.0398998;Profile-Iberia2.csv
Total;ES00651;0.0;Profile-Iberia2.csv
Total;ES00652;234488.07097829998;Profile-Iberia2.csv
Total;ES00653;65346.250828642995;Profile-Iberia2.csv
Total;ES00654;228976.880758731;Profile-Iberia2.csv
Total;ES00655;848497.063492489;Profile-Iberia2.csv
Total;ES00656;17316.112548099998;Profile-Iberia2.csv
Total;ES00657;66261.465707176;Profile-Iberia2.csv
Total;ES00658;15188.7697912;Profile-Iberia2.csv
Total;ES00659;0.0;Profile-Iberia2.csv
Total;ES00660;18574.2184796;Profile-Iberia2.csv
Total;ES00661;71101.513598923;Profile-Iberia2.csv
Total;ES00662;33765.046989596995;Profile-Iberia2.csv
Total;ES00663;729.70144027;Profile-Iberia2.csv
Total;ES00664;5352.6688722;Profile-Iberia2.csv
Total;ES00665;514.67969925;Profile-Iberia2.csv
Total;ES00666;1610.3755923200001;Profile-Iberia2.csv
Total;ES00667;4025.9389808;Profile-Iberia2.csv
Total;ES00668;103194.652178823;Profile-Iberia2.csv
Total;ES00669;577416.638376712;Profile-Iberia2.csv
Total;ES00671;12215.064862199999;Profile-Iberia2.csv
Total;ES00672;1322.15496074;Profile-Iberia2.csv
Total;ES00673;7846.0060819;Profile-Iberia2.csv
Total;ES00674;6610.7748037;Profile-Iberia2.csv
Total;ES00675;953.87304261;Profile-Iberia2.csv
Total;ES00676;157.83510776999998;Profile-Iberia2.csv
Total;ES00677;33879.420256097;Profile-Iberia2.csv
Total;ES00678;25408.249899508002;Profile-Iberia2.csv
Total;ES00679;49934.224421235;Profile-Iberia2.csv
Total;ES00680;25566.085007278;Profile-Iberia2.csv
Total;ES00681;59564.453460535005;Profile-Iberia2.csv
Total;ES00682;83647.117201308;Profile-Iberia2.csv
Total;ES00683;590129.226948187;Profile-Iberia2.csv
Total;ES00684;0.0;Profile-Iberia2.csv
Total;ES00685;1.365236396525621e6;Profile-Iberia2.csv
Total;ES00686;143790.528136866;Profile-Iberia2.csv
Total;ES00687;0.0;Profile-Iberia2.csv
Total;ES00688;196960.372267386;Profile-Iberia2.csv
Total;ES00689;120685.29833160201;Profile-Iberia2.csv
Total;ES00690;0.0;Profile-Iberia2.csv
Total;ES00691;60086.224302308;Profile-Iberia2.csv
Total;ES00692;0.0;Profile-Iberia2.csv
Total;ES00693;30788.825848733995;Profile-Iberia2.csv
Total;ES00694;46357.77237778;Profile-Iberia2.csv
Total;ES00695;46080.989072849996;Profile-Iberia2.csv
Total;ES00696;14731.276725199998;Profile-Iberia2.csv
Total;ES00697;51384.934933521;Profile-Iberia2.csv
Total;ES00698;10682.463091099999;Profile-Iberia2.csv
Total;ES00699;74829.16710069099;Profile-Iberia2.csv
Total;ES00700;302122.244630009;Profile-Iberia2.csv
Total;ES00701;143007.300007874;Profile-Iberia2.csv
Total;ES00702;8600.8696408;Profile-Iberia2.csv
Total;ES00703;159541.55690618;Profile-Iberia2.csv
Total;ES00704;220979.673218518;Profile-Iberia2.csv
Total;ES00705;0.0;Profile-Iberia2.csv
Total;ES00706;63446.053379012;Profile-Iberia2.csv
Total;ES00707;567219.804175171;Profile-Iberia2.csv
Total;ES00708;1.2237969252549289e6;Profile-Iberia2.csv
Total;ES00709;398389.07931039395;Profile-Iberia2.csv
Total;ES00710;101408.141756093;Profile-Iberia2.csv
Total;ES00711;34171.072085672;Profile-Iberia2.csv
Total;ES00712;10613.8391312;Profile-Iberia2.csv
Total;ES00713;443267.547859263;Profile-Iberia2.csv
Total;ES00714;12192.1902089;Profile-Iberia2.csv
Total;ES00715;16995.8674019;Profile-Iberia2.csv
Total;ES00716;157680.017620626;Profile-Iberia2.csv
Total;ES00718;57225.062667544;Profile-Iberia2.csv
Total;ES00719;189000.907905118;Profile-Iberia2.csv
Total;ES00720;84350.28404375;Profile-Iberia2.csv
Total;ES00722;185335.702206859;Profile-Iberia2.csv
Total;ES00723;8143.3765748;Profile-Iberia2.csv
Total;ES00724;0.0;Profile-Iberia2.csv
Total;ES00725;8600.8696408;Profile-Iberia2.csv
Total;ES00726;163420.640612794;Profile-Iberia2.csv
Total;ES00727;6633.649457;Profile-Iberia2.csv
Total;ES00728;44452.542504423;Profile-Iberia2.csv
Total;ES00729;39987.410180263;Profile-Iberia2.csv
Total;ES00730;127708.045641235;Profile-Iberia2.csv
Total;ES00731;85868.703529804;Profile-Iberia2.csv
Total;ES00732;45109.960040264996;Profile-Iberia2.csv
Total;ES00733;0.0;Profile-Iberia2.csv
Total;ES00734;41199.995551696;Profile-Iberia2.csv
Total;ES00735;118199.96725055699;Profile-Iberia2.csv
Total;ES00736;21113.304995899998;Profile-Iberia2.csv
Total;ES00737;275834.921804182;Profile-Iberia2.csv
Total;ES00738;133219.69335387;Profile-Iberia2.csv
Total;ES00739;157337.126567659;Profile-Iberia2.csv
Total;ES00740;552992.45606217;Profile-Iberia2.csv
Total;ES00741;339856.27271368896;Profile-Iberia2.csv
Total;ES00742;1.0;exp_load_ES00742.csv
Total;ES00743;204579.690535083;Profile-Iberia2.csv
Total;ES00744;0.0;Profile-Iberia2.csv
Total;ES00745;86301.949463306;Profile-Iberia2.csv
Total;ES00746;157664.691602915;Profile-Iberia2.csv
Total;ES00747;69236.08562230799;Profile-Iberia2.csv
Total;ES00748;6313.4043108;Profile-Iberia2.csv
Total;ES00749;19031.7115456;Profile-Iberia2.csv
Total;ES00750;43742.284519458;Profile-Iberia2.csv
Total;ES00751;31072.471549653997;Profile-Iberia2.csv
Total;ES00752;254351.276171355;Profile-Iberia2.csv
Total;ES00753;9630.2290393;Profile-Iberia2.csv
Total;ES00754;6953.8946032;Profile-Iberia2.csv
Total;ES00755;128472.059061455;Profile-Iberia2.csv
Total;ES00756;188810.362043129;Profile-Iberia2.csv
Total;ES00757;0.0;Profile-Iberia2.csv
Total;ES00758;377521.448090936;Profile-Iberia2.csv
Total;ES00759;658795.733703325;Profile-Iberia2.csv
Total;ES00760;529377.807727915;Profile-Iberia2.csv
Total;ES00761;458217.506270011;Profile-Iberia2.csv
Total;ES00762;291856.557722035;Profile-Iberia2.csv
Total;ES00763;142625.522044297;Profile-Iberia2.csv
Total;ES00764;0.0;Profile-Iberia2.csv
Total;ES00765;69889.84321362199;Profile-Iberia2.csv
Total;ES00766;0.0;Profile-Iberia2.csv
Total;ES00767;369883.601354066;Profile-Iberia2.csv
Total;ES00768;2280.60293401;Profile-Iberia2.csv
Total;ES00769;306011.621930608;Profile-Iberia2.csv
Total;ES00770;95987.992656658;Profile-Iberia2.csv
Total;ES00771;77637.259539799;Profile-Iberia2.csv
Total;ES00772;0.0;Profile-Iberia2.csv
Total;ES00773;122071.731068115;Profile-Iberia2.csv
Total;ES00774;0.0;Profile-Iberia2.csv
Total;ES00775;156456.909908675;Profile-Iberia2.csv
Total;ES00776;80304.672861112;Profile-Iberia2.csv
Total;ES00777;27955.571290996;Profile-Iberia2.csv
Total;ES00778;9630.2290393;Profile-Iberia2.csv
Total;ES00779;149746.85910965299;Profile-Iberia2.csv
Total;ES00780;11620.3238764;Profile-Iberia2.csv
Total;ES00781;128.326805013;Profile-Iberia2.csv
Total;ES00782;16378.2517628;Profile-Iberia2.csv
Total;ES00783;322.53261153;Profile-Iberia2.csv
Total;ES00784;360383.07159897697;Profile-Iberia2.csv
Total;ES00785;56949.423095279;Profile-Iberia2.csv
Total;ES00786;6038.9084712;Profile-Iberia2.csv
Total;ES00787;5993.1591646;Profile-Iberia2.csv
Total;ES00788;19077.460852199998;Profile-Iberia2.csv
Total;ES00789;41940.905572083;Profile-Iberia2.csv
Total;ES00790;2516.211863;Profile-Iberia2.csv
Total;ES00791;6953.8946032;Profile-Iberia2.csv
Total;ES00792;8280.6244946;Profile-Iberia2.csv
Total;ES00793;25095.095895831;Profile-Iberia2.csv
Total;ES00794;127720.855447083;Profile-Iberia2.csv
Total;ES00795;1228.36888221;Profile-Iberia2.csv
Total;ES00796;66579.880881112;Profile-Iberia2.csv
Total;ES00797;7205.5157895;Profile-Iberia2.csv
Total;ES00798;30899.767917239;Profile-Iberia2.csv
Total;ES00799;3339.6993818;Profile-Iberia2.csv
Total;ES00800;86677.09377742601;Profile-Iberia2.csv
Total;ES00801;5078.173032600001;Profile-Iberia2.csv
Total;ES00802;17544.8590811;Profile-Iberia2.csv
Total;ES00803;35203.405189101;Profile-Iberia2.csv
Total;ES00804;3339.6993818;Profile-Iberia2.csv
Total;ES00805;24721.781553975;Profile-Iberia2.csv
Total;ES00806;1939.77059984;Profile-Iberia2.csv
Total;ES00807;13175.8003008;Profile-Iberia2.csv
Total;ES00808;119254.94626075301;Profile-Iberia2.csv
Total;ES00809;142189.988645465;Profile-Iberia2.csv
Total;ES00810;3659.944528;Profile-Iberia2.csv
Total;ES00811;18688.5917461;Profile-Iberia2.csv
Total;ES00812;18459.845213099998;Profile-Iberia2.csv
Total;ES00813;1.0;exp_load_ES00813.csv
Total;ES00814;4.8265518463;Profile-Iberia2.csv
Total;ES00815;324029.300095419;Profile-Iberia2.csv
Total;ES00816;77972.144464111;Profile-Iberia2.csv
Total;ES00817;1.0;exp_load_ES00817.csv
Total;ES00818;1.0;exp_load_ES00818.csv
Total;ES00819;117576.17545506598;Profile-Iberia2.csv
Total;ES00820;80129.224270301;Profile-Iberia2.csv
Total;ES00821;8989.7387469;Profile-Iberia2.csv
Total;ES00822;863013.318476669;Profile-Iberia2.csv
Total;ES00823;34520.825534629;Profile-Iberia2.csv
Total;ES00824;0.0;Profile-Iberia2.csv
Total;ES00825;127073.50275869301;Profile-Iberia2.csv
Total;ES00826;58492.089713830996;Profile-Iberia2.csv
Total;ES00827;0.0;Profile-Iberia2.csv
Total;ES00828;449169.665903729;Profile-Iberia2.csv
Total;ES00829;174683.433658115;Profile-Iberia2.csv
Total;ES00830;279670.772416059;Profile-Iberia2.csv
Total;ES00831;1059.09644779;Profile-Iberia2.csv
Total;ES00832;15943.6333501;Profile-Iberia2.csv
Total;ES00833;322399.252301261;Profile-Iberia2.csv
Total;ES00834;172712.324783254;Profile-Iberia2.csv
Total;ES00835;76943.47130521;Profile-Iberia2.csv
Total;ES00836;247771.61089614299;Profile-Iberia2.csv
Total;ES00837;157294.579712521;Profile-Iberia2.csv
Total;ES00838;45105.613856138;Profile-Iberia2.csv
Total;ES00839;20015.3216375;Profile-Iberia2.csv
Total;ES00840;0.0;Profile-Iberia2.csv
Total;ES00841;415522.65212516004;Profile-Iberia2.csv
Total;ES00842;12558.1846617;Profile-Iberia2.csv
Total;ES00843;436422.307859238;Profile-Iberia2.csv
Total;ES00844;120906.49622901299;Profile-Iberia2.csv
Total;ES00845;557897.239222756;Profile-Iberia2.csv
Total;ES00846;94296.18329859;Profile-Iberia2.csv
Total;ES00847;12054.9422891;Profile-Iberia2.csv
Total;ES00848;7754.5074687;Profile-Iberia2.csv
Total;ES00849;590459.994434905;Profile-Iberia2.csv
Total;ES00850;37098.798961538996;Profile-Iberia2.csv
Total;ES00851;37695.598666136;Profile-Iberia2.csv
Total;ES00852;8921.114787;Profile-Iberia2.csv
Total;ES00853;77876.070920251;Profile-Iberia2.csv
Total;ES00854;782.31314286;Profile-Iberia2.csv
Total;ES00855;13633.2933668;Profile-Iberia2.csv
Total;ES00856;7594.3848956;Profile-Iberia2.csv
Total;ES00857;95883.68423761001;Profile-Iberia2.csv
Total;ES00858;149119.8648627;Profile-Iberia2.csv
Total;ES00859;1.0;exp_load_ES00859.csv
Total;ES00860;554631.196224582;Profile-Iberia2.csv
Total;ES00861;98707.788934028;Profile-Iberia2.csv
Total;ES00862;74603.16552608699;Profile-Iberia2.csv
Total;ES00863;62895.002981015;Profile-Iberia2.csv
Total;ES00864;38054.501976413;Profile-Iberia2.csv
Total;ES00865;1724.74885882;Profile-Iberia2.csv
Total;ES00866;230660.455241611;Profile-Iberia2.csv
Total;ES00867;59403.415901303;Profile-Iberia2.csv
Total;ES00868;1896.30875857;Profile-Iberia2.csv
Total;ES00869;242031.90289010698;Profile-Iberia2.csv
Total;ES00870;10979.833584;Profile-Iberia2.csv
Total;ES00871;60850.237722528;Profile-Iberia2.csv
Total;ES00872;285517.533799539;Profile-Iberia2.csv
Total;ES00873;206245.880281455;Profile-Iberia2.csv
Total;ES00874;75958.031241046;Profile-Iberia2.csv
Total;ES00875;110158.38288294201;Profile-Iberia2.csv
Total;ES00876;93124.77230309701;Profile-Iberia2.csv
Total;ES00877;165614.31986426402;Profile-Iberia2.csv
Total;ES00878;104039.641871725;Profile-Iberia2.csv
Total;ES00879;12237.9395155;Profile-Iberia2.csv
Total;ES00880;63333.738831309005;Profile-Iberia2.csv
Total;ES00881;146257.330748738;Profile-Iberia2.csv
Total;ES00882;97638.17014572;Profile-Iberia2.csv
Total;ES00883;591284.168193304;Profile-Iberia2.csv
Total;ES00884;146465.49009376802;Profile-Iberia2.csv
Total;ES00885;263616.883237053;Profile-Iberia2.csv
Total;ES00886;1068.24630911;Profile-Iberia2.csv
Total;ES00887;61337.696584351;Profile-Iberia2.csv
Total;ES00888;245028.482472407;Profile-Iberia2.csv
Total;ES00889;131975.083467817;Profile-Iberia2.csv
Total;ES00890;12809.805848;Profile-Iberia2.csv
Total;ES00891;46754.876359068;Profile-Iberia2.csv
Total;ES00892;103160.11145234;Profile-Iberia2.csv
Total;ES00893;2882.2063158;Profile-Iberia2.csv
Total;ES00894;23414.266371347;Profile-Iberia2.csv
Total;ES00895;90489.383496404;Profile-Iberia2.csv
Total;ES00896;32953.911783578995;Profile-Iberia2.csv
Total;ES00897;21982.5418213;Profile-Iberia2.csv
Total;ES00898;88301.651654792;Profile-Iberia2.csv
Total;ES00899;55148.730387503;Profile-Iberia2.csv
Total;ES00900;158200.415983201;Profile-Iberia2.csv
Total;ES00901;40358.437056789;Profile-Iberia2.csv
Total;ES00902;88.75365480399999;Profile-Iberia2.csv
Total;ES00903;395944.00761915697;Profile-Iberia2.csv
Total;ES00904;414986.01275874197;Profile-Iberia2.csv
Total;ES00905;271523.73589673097;Profile-Iberia2.csv
Total;ES00906;257930.244426673;Profile-Iberia2.csv
Total;ES00907;816056.9164220281;Profile-Iberia2.csv
Total;ES00908;99316.254711808;Profile-Iberia2.csv
Total;ES00909;59287.212662539;Profile-Iberia2.csv
Total;ES00910;116325.38941262201;Profile-Iberia2.csv
Total;ES00911;69139.09709231599;Profile-Iberia2.csv
Total;ES00914;33043.351677982;Profile-Iberia2.csv
Total;ES00915;772218.100865644;Profile-Iberia2.csv
Total;ES00916;35673.708060949;Profile-Iberia2.csv
Total;ES00917;614027.063490296;Profile-Iberia2.csv
Total;ES00918;295980.62896549195;Profile-Iberia2.csv
Total;ES00919;243750.70433906902;Profile-Iberia2.csv
Total;ES00920;0.0;Profile-Iberia2.csv
Total;ES00921;76577.705598943;Profile-Iberia2.csv
Total;ES00922;0.0;Profile-Iberia2.csv
Total;ES00923;381398.015585687;Profile-Iberia2.csv
Total;ES00924;18253.9733334;Profile-Iberia2.csv
Total;ES00925;232085.774888734;Profile-Iberia2.csv
Total;ES00926;67893.572220131;Profile-Iberia2.csv
Total;ES00927;23838.591190062;Profile-Iberia2.csv
Total;ES00928;183193.94841838;Profile-Iberia2.csv
Total;ES00929;307317.307140972;Profile-Iberia2.csv
Total;ES00930;71699.45703618499;Profile-Iberia2.csv
Total;ES00931;84295.842368896;Profile-Iberia2.csv
Total;ES00932;3957.3150209;Profile-Iberia2.csv
Total;ES00933;483453.51003017;Profile-Iberia2.csv
Total;ES00934;52611.70259;Profile-Iberia2.csv
Total;ES00935;54372.135907968;Profile-Iberia2.csv
Total;ES00936;33154.751239553;Profile-Iberia2.csv
Total;ES00937;47983.245241278004;Profile-Iberia2.csv
Total;ES00938;151533.14078585;Profile-Iberia2.csv
Total;ES00939;77249.076673298;Profile-Iberia2.csv
Total;ES00940;495865.068164217;Profile-Iberia2.csv
Total;ES00941;92463.466076194;Profile-Iberia2.csv
Total;ES00942;269521.51749338204;Profile-Iberia2.csv
Total;ES00943;53163.896720662;Profile-Iberia2.csv
Total;ES00944;401290.0428419;Profile-Iberia2.csv
Total;ES00945;314905.744626714;Profile-Iberia2.csv
Total;ES00946;218672.53568668;Profile-Iberia2.csv
Total;ES00947;60823.474378167;Profile-Iberia2.csv
Total;ES00948;149043.692267211;Profile-Iberia2.csv
Total;ES00949;583563.972704554;Profile-Iberia2.csv
Total;ES00950;18963.0875857;Profile-Iberia2.csv
Total;ES00951;362427.379364398;Profile-Iberia2.csv
Total;ES00952;18276.847986700002;Profile-Iberia2.csv
Total;ES00953;248533.33685103297;Profile-Iberia2.csv
Total;ES00954;15737.7614704;Profile-Iberia2.csv
Total;ES00955;64875.490463729;Profile-Iberia2.csv
Total;ES00956;1.0356309421952609e6;Profile-Iberia2.csv
Total;ES00957;41956.917829392994;Profile-Iberia2.csv
Total;ES00958;199432.89354258298;Profile-Iberia2.csv
Total;ES00959;0.0;Profile-Iberia2.csv
Total;ES00960;75192.416595095;Profile-Iberia2.csv
Total;ES00961;41098.889584109995;Profile-Iberia2.csv
Total;ES00962;11757.5717962;Profile-Iberia2.csv
Total;ES00963;231808.53409073802;Profile-Iberia2.csv
Total;ES00964;9492.9811195;Profile-Iberia2.csv
Total;ES00965;35727.463496204;Profile-Iberia2.csv
Total;ES00966;25972.110103353;Profile-Iberia2.csv
Total;ES00967;32839.996010145005;Profile-Iberia2.csv
Total;ES00968;63683.0347872;Profile-Iberia2.csv
Total;ES00969;81436.05321333;Profile-Iberia2.csv
Total;ES00970;119045.41443652501;Profile-Iberia2.csv
Total;ES00971;134087.328953539;Profile-Iberia2.csv
Total;ES00972;102471.813134543;Profile-Iberia2.csv
Total;ES00973;186717.102519646;Profile-Iberia2.csv
Total;ES00974;189206.55103828502;Profile-Iberia2.csv
Total;ES00975;84984.369433226;Profile-Iberia2.csv
Total;ES00976;11094.2068505;Profile-Iberia2.csv
Total;ES00977;134816.115407677;Profile-Iberia2.csv
Total;ES00978;39201.894585941;Profile-Iberia2.csv
Total;ES00979;65760.968292972;Profile-Iberia2.csv
Total;ES00980;3316.8247285;Profile-Iberia2.csv
Total;ES00981;1.0;exp_load_ES00981.csv
Total;ES00982;11231.4547703;Profile-Iberia2.csv
Total;ES00983;0.0;Profile-Iberia2.csv
Total;ES00984;41485.471224880006;Profile-Iberia2.csv
Total;ES00985;141915.49280586498;Profile-Iberia2.csv
Total;ES00986;0.0;Profile-Iberia2.csv
Total;ES00987;0.0;Profile-Iberia2.csv
Total;ES00988;42059.167529644;Profile-Iberia2.csv
Total;ES00989;3820.0671011;Profile-Iberia2.csv
Total;ES00991;15440.390977500001;Profile-Iberia2.csv
Total;ES00994;523524.641441511;Profile-Iberia2.csv
Total;ES00995;116752.00169666701;Profile-Iberia2.csv
Total;ES00996;64111.248296975995;Profile-Iberia2.csv
Total;ES00997;40941.511969406;Profile-Iberia2.csv
Total;ES00998;218118.96907682;Profile-Iberia2.csv
Total;ES00999;5329.7942189000005;Profile-Iberia2.csv
Total;ES01000;22234.1630076;Profile-Iberia2.csv
Total;ES01001;34970.312471974;Profile-Iberia2.csv
Total;ES01002;14616.903458699999;Profile-Iberia2.csv
Total;ES01003;40407.617561384;Profile-Iberia2.csv
Total;ES01004;168694.163184576;Profile-Iberia2.csv
Total;ES01005;509004.26901973697;Profile-Iberia2.csv
Total;ES01006;569630.106393392;Profile-Iberia2.csv
Total;ES01007;231574.755134012;Profile-Iberia2.csv
Total;ES01008;115522.946574858;Profile-Iberia2.csv
Total;ES01009;5375.543525499999;Profile-Iberia2.csv
Total;ES01010;52455.926201026996;Profile-Iberia2.csv
Total;ES01011;33001.033569377;Profile-Iberia2.csv
Total;ES01012;0.0;Profile-Iberia2.csv
Total;ES01013;83979.028420691;Profile-Iberia2.csv
Total;ES01014;9241.3599332;Profile-Iberia2.csv
Total;ES01015;7365.638362599999;Profile-Iberia2.csv
Total;ES01016;28576.846874624003;Profile-Iberia2.csv
Total;ES01017;7960.3793484;Profile-Iberia2.csv
Total;ES01018;55923.266148241;Profile-Iberia2.csv
Total;ES01019;33458.526635377;Profile-Iberia2.csv
Total;ES01020;163765.13289149202;Profile-Iberia2.csv
Total;ES01021;0.0;Profile-Iberia2.csv
Total;ES01022;186998.46075523598;Profile-Iberia2.csv
Total;ES01023;39098.958646091;Profile-Iberia2.csv
Total;ES01024;283362.74145867897;Profile-Iberia2.csv
Total;ES01025;416199.284369774;Profile-Iberia2.csv
Total;ES01026;300890.215803271;Profile-Iberia2.csv
Total;ES01027;180031.070106589;Profile-Iberia2.csv
Total;ES01028;126384.975694363;Profile-Iberia2.csv
Total;ES01029;1.189599318571429e6;Profile-Iberia2.csv
Total;ES01030;157579.140399573;Profile-Iberia2.csv
Total;ES01031;133250.345389292;Profile-Iberia2.csv
Total;ES01032;233324.894857995;Profile-Iberia2.csv
Total;ES01033;197093.960242658;Profile-Iberia2.csv
Total;ES01034;447992.993737977;Profile-Iberia2.csv
Total;ES01035;51659.888266187;Profile-Iberia2.csv
Total;ES01036;255657.418874785;Profile-Iberia2.csv
Total;ES01037;66495.93090350101;Profile-Iberia2.csv
Total;ES01038;384350.904580184;Profile-Iberia2.csv
Total;ES01039;371084.291905783;Profile-Iberia2.csv
Total;ES01040;111368.909535578;Profile-Iberia2.csv
Total;ES01041;5032.423726;Profile-Iberia2.csv
Total;ES01042;27547.487476124003;Profile-Iberia2.csv
Total;ES01043;63639.57294593;Profile-Iberia2.csv
Total;ES01044;173158.151776071;Profile-Iberia2.csv
Total;ES01045;1962.6452531399998;Profile-Iberia2.csv
Total;ES01046;400.30643275;Profile-Iberia2.csv
Total;ES01047;365080.61040066497;Profile-Iberia2.csv
Total;ES01048;119068.746582891;Profile-Iberia2.csv
Total;ES01049;84465.572296382;Profile-Iberia2.csv
Total;ES01050;28810.854577882998;Profile-Iberia2.csv
Total;ES01051;48689.843281714995;Profile-Iberia2.csv
Total;ES01052;179835.94931394001;Profile-Iberia2.csv
Total;ES01053;34069.966118086;Profile-Iberia2.csv
Total;ES01054;14067.9117795;Profile-Iberia2.csv
Total;ES01055;579981.573251241;Profile-Iberia2.csv
Total;ES01056;128059.400315923;Profile-Iberia2.csv
Total;ES01057;93636.707043951;Profile-Iberia2.csv
Total;ES01058;48163.726255814996;Profile-Iberia2.csv
Total;ES01059;27534.677670276;Profile-Iberia2.csv
Total;ES01060;2310.3399833;Profile-Iberia2.csv
Total;ES01061;3476.9473016;Profile-Iberia2.csv
Total;ES01062;293396.250635658;Profile-Iberia2.csv
Total;ES01063;1733.89872014;Profile-Iberia2.csv
Total;ES01064;103890.041639143;Profile-Iberia2.csv
Total;ES01065;17110.2406684;Profile-Iberia2.csv
Total;ES01066;265967.711356694;Profile-Iberia2.csv
Total;ES01067;86052.615742336;Profile-Iberia2.csv
Total;ES01068;5787.2872849;Profile-Iberia2.csv
Total;ES01069;0.0;Profile-Iberia2.csv
Total;ES01070;1.0206905911388991e6;Profile-Iberia2.csv
Total;ES01071;64370.189372332;Profile-Iberia2.csv
Total;ES01073;6336.2789641;Profile-Iberia2.csv
Total;ES01074;97218.191511132;Profile-Iberia2.csv
Total;ES01075;60523.587673404;Profile-Iberia2.csv
Total;ES01076;93852.41502457;Profile-Iberia2.csv
Total;ES01077;441734.259848564;Profile-Iberia2.csv
Total;ES01078;123406.009595104;Profile-Iberia2.csv
Total;ES01079;51974.872242128;Profile-Iberia2.csv
Total;ES01080;172188.266476151;Profile-Iberia2.csv
Total;ES01081;0.0;Profile-Iberia2.csv
Total;ES01082;56739.662524518;Profile-Iberia2.csv
Total;ES01083;23254.830037846;Profile-Iberia2.csv
Total;ES01084;144655.876271205;Profile-Iberia2.csv
Total;ES01085;62440.94111301;Profile-Iberia2.csv
Total;ES01086;215819.151434038;Profile-Iberia2.csv
Total;ES01088;72825.118725078;Profile-Iberia2.csv
Total;ES01089;36516.867781586996;Profile-Iberia2.csv
Total;ES01090;88.296161738;Profile-Iberia2.csv
Total;ES01091;107.053377444;Profile-Iberia2.csv
Total;ES01092;1.0;exp_load_ES01092.csv
Total;ES01093;74722.79996284601;Profile-Iberia2.csv
Total;ES01094;161158.33740142398;Profile-Iberia2.csv
Total;ES01095;998351.8909657181;Profile-Iberia2.csv
Total;ES01096;8966.8640936;Profile-Iberia2.csv
Total;ES01097;833633.571271215;Profile-Iberia2.csv
Total;ES01100;426527.419081257;Profile-Iberia2.csv
Total;ES01101;7685.8835088;Profile-Iberia2.csv
Total;ES01102;42968.434998319004;Profile-Iberia2.csv
Total;ES01103;318887.764273178;Profile-Iberia2.csv
Total;ES01104;150831.80391567198;Profile-Iberia2.csv
Total;ES01105;158401.026692642;Profile-Iberia2.csv
Total;ES01106;121204.552961512;Profile-Iberia2.csv
Total;ES01107;634412.49701819;Profile-Iberia2.csv
Total;ES01108;221361.45118209498;Profile-Iberia2.csv
Total;ES01109;958697.993230569;Profile-Iberia2.csv
Total;ES01110;525009.89268028;Profile-Iberia2.csv
Total;ES01111;138194.015460488;Profile-Iberia2.csv
Total;ES01112;210542.655157327;Profile-Iberia2.csv
Total;ES01113;1.025911959501157e6;Profile-Iberia2.csv
Total;ES01114;542590.436220528;Profile-Iberia2.csv
Total;ES01115;260148.17081064096;Profile-Iberia2.csv
Total;ES01116;137647.76873968402;Profile-Iberia2.csv
Total;ES01117;34691.927941313;Profile-Iberia2.csv
Total;ES01118;37155.29935519;Profile-Iberia2.csv
Total;ES01119;43664.968191304004;Profile-Iberia2.csv
Total;ES01120;479522.95835363097;Profile-Iberia2.csv
Total;ES01121;1.083553112112228e6;Profile-Iberia2.csv
Total;ES01122;0.0;Profile-Iberia2.csv
Total;ES01123;73828.17227228299;Profile-Iberia2.csv
Total;ES01124;1.0023364268240451e6;Profile-Iberia2.csv
Total;ES01125;66495.70215696801;Profile-Iberia2.csv
Total;ES01126;1.0;exp_load_ES01126.csv
Total;ES01127;15920.7586968;Profile-Iberia2.csv
Total;ES01128;14411.031579;Profile-Iberia2.csv
Total;ES01129;77704.968513567;Profile-Iberia2.csv
Total;ES01130;1765.9232347600002;Profile-Iberia2.csv
Total;ES01131;412922.490284549;Profile-Iberia2.csv
Total;ES01132;79537.68573596301;Profile-Iberia2.csv
Total;ES01133;12581.059315;Profile-Iberia2.csv
Total;ES01134;118280.943523239;Profile-Iberia2.csv
Total;ES01135;20701.5612365;Profile-Iberia2.csv
Total;ES01136;29979.063121914;Profile-Iberia2.csv
Total;ES01137;9653.1036926;Profile-Iberia2.csv
Total;ES01140;84352.57150908;Profile-Iberia2.csv
Total;ES01141;233993.292227421;Profile-Iberia2.csv
Total;ES01142;17590.6083877;Profile-Iberia2.csv
Total;ES01143;28571.814450898004;Profile-Iberia2.csv
Total;ES01144;279524.374634939;Profile-Iberia2.csv
Total;ES01145;87910.037590296;Profile-Iberia2.csv
Total;ES01146;56129.13802794101;Profile-Iberia2.csv
Total;ES01147;164280.041337275;Profile-Iberia2.csv
Total;ES01148;157166.939147107;Profile-Iberia2.csv
Total;ES01149;256229.056460752;Profile-Iberia2.csv
Total;ES01150;6816.6466834;Profile-Iberia2.csv
Total;ES01151;0.0;Profile-Iberia2.csv
Total;ES01152;807772.860729433;Profile-Iberia2.csv
Total;ES01153;22983.765396240997;Profile-Iberia2.csv
Total;ES01154;5489.916792;Profile-Iberia2.csv
Total;ES01155;2143.35501421;Profile-Iberia2.csv
Total;ES01156;725383.1632200261;Profile-Iberia2.csv
Total;ES01157;9515.8557728;Profile-Iberia2.csv
Total;ES01158;60679.592808910005;Profile-Iberia2.csv
Total;ES01159;53535.83858332;Profile-Iberia2.csv
Total;ES01160;139479.342229415;Profile-Iberia2.csv
Total;ES01161;129260.09086764001;Profile-Iberia2.csv
Total;ES01162;25820.90864504;Profile-Iberia2.csv
Total;ES01163;73049.747820484;Profile-Iberia2.csv
Total;ES01164;72958.020460751;Profile-Iberia2.csv
Total;ES01165;241213.447795033;Profile-Iberia2.csv
Total;ES01166;483735.325758826;Profile-Iberia2.csv
Total;ES01167;174081.372783259;Profile-Iberia2.csv
Total;ES01168;648275.909397188;Profile-Iberia2.csv
Total;ES01169;735044.273041281;Profile-Iberia2.csv
Total;ES01170;81248.023563204;Profile-Iberia2.csv
Total;ES01171;327875.901794347;Profile-Iberia2.csv
Total;ES01172;48911.498672192;Profile-Iberia2.csv
Total;ES01173;2790.7077026;Profile-Iberia2.csv
Total;ES01174;94508.460081214;Profile-Iberia2.csv
Total;ES01175;177290.68664124902;Profile-Iberia2.csv
Total;ES01176;10842.5856642;Profile-Iberia2.csv
Total;ES01177;584653.7211877661;Profile-Iberia2.csv
Total;ES01178;29732.016866274;Profile-Iberia2.csv
Total;ES01179;1283.26805013;Profile-Iberia2.csv
Total;ES01180;265372.055384762;Profile-Iberia2.csv
Total;ES01181;18848.7143192;Profile-Iberia2.csv
Total;ES01182;403792.758659453;Profile-Iberia2.csv
Total;ES01183;40987.947515605;Profile-Iberia2.csv
Total;ES01184;2257.72828071;Profile-Iberia2.csv
Total;ES01185;52287.568752739004;Profile-Iberia2.csv
Total;ES01186;182800.961874686;Profile-Iberia2.csv
Total;ES01187;180113.64760500198;Profile-Iberia2.csv
Total;ES01188;35430.093003304;Profile-Iberia2.csv
Total;ES01189;30987.377839377998;Profile-Iberia2.csv
Total;ES01190;5764.4126316;Profile-Iberia2.csv
Total;ES01191;15211.644444500002;Profile-Iberia2.csv
Total;ES01192;25129.636622314;Profile-Iberia2.csv
Total;ES01193;382870.457018608;Profile-Iberia2.csv
Total;ES01194;71571.58772423801;Profile-Iberia2.csv
Total;ES01195;393344.074525079;Profile-Iberia2.csv
Total;ES01196;1301.56777277;Profile-Iberia2.csv
Total;ES01197;34805.843714746996;Profile-Iberia2.csv
Total;ES01198;1788.7978880599999;Profile-Iberia2.csv
Total;ES01199;603.89084712;Profile-Iberia2.csv
Total;ES01200;22096.9150878;Profile-Iberia2.csv
Total;ES01201;28.822063158;Profile-Iberia2.csv
Total;ES01202;63558.825419781;Profile-Iberia2.csv
Total;ES01203;280278.32320770697;Profile-Iberia2.csv
Total;ES01204;8486.4963743;Profile-Iberia2.csv
Total;ES01205;346246.535859577;Profile-Iberia2.csv
Total;ES01206;348834.574133939;Profile-Iberia2.csv
Total;ES01207;219556.869783258;Profile-Iberia2.csv
Total;ES01208;65644.307561142;Profile-Iberia2.csv
Total;ES01209;59523.965324193996;Profile-Iberia2.csv
Total;ES01210;225324.48486631998;Profile-Iberia2.csv
Total;ES01211;1667.56222557;Profile-Iberia2.csv
Total;ES01212;58513.591887933;Profile-Iberia2.csv
Total;ES01213;137579.144779784;Profile-Iberia2.csv
Total;ES01214;205593.495169339;Profile-Iberia2.csv
Total;ES01215;15531.889590699999;Profile-Iberia2.csv
Total;ES01216;84223.787211001;Profile-Iberia2.csv
Total;ES01217;11414.4519967;Profile-Iberia2.csv
Total;ES01218;77460.20972325701;Profile-Iberia2.csv
Total;ES01219;2676.3344361;Profile-Iberia2.csv
Total;ES01220;151788.19317014498;Profile-Iberia2.csv
Total;ES01221;710354.744748459;Profile-Iberia2.csv
Total;ES01222;62319.476703987006;Profile-Iberia2.csv
Total;ES01223;14479.655538899999;Profile-Iberia2.csv
Total;ES01225;130889.909915265;Profile-Iberia2.csv
Total;ES01226;135332.85382572399;Profile-Iberia2.csv
Total;ES01227;22440.0348873;Profile-Iberia2.csv
Total;ES01228;124682.186502711;Profile-Iberia2.csv
Total;ES01229;297.3704929;Profile-Iberia2.csv
Total;ES01230;1580.63854303;Profile-Iberia2.csv
Total;ES01231;35394.179797623;Profile-Iberia2.csv
Total;ES01232;96673.317269526;Profile-Iberia2.csv
Total;ES01233;508859.70121088094;Profile-Iberia2.csv
Total;ES01234;302159.530314888;Profile-Iberia2.csv
Total;ES01235;1.64812792012632e6;Profile-Iberia2.csv
Total;ES01236;11734.6971429;Profile-Iberia2.csv
Total;ES01237;12420.9367419;Profile-Iberia2.csv
Total;ES01238;23405.116510026997;Profile-Iberia2.csv
Total;ES01239;3637.0698747;Profile-Iberia2.csv
Total;ES01240;320129.857947368;Profile-Iberia2.csv
Total;ES01243;355637.038532293;Profile-Iberia2.csv
Total;ES01244;183693.988339518;Profile-Iberia2.csv
Total;ES01245;142555.525605199;Profile-Iberia2.csv
Total;ES01246;145188.169453496;Profile-Iberia2.csv
Total;ES01247;23919.796209277;Profile-Iberia2.csv
Total;ES01248;54303.283201535;Profile-Iberia2.csv
Total;ES01249;182972.75052096898;Profile-Iberia2.csv
Total;ES01250;124775.515088175;Profile-Iberia2.csv
Total;ES01251;14022.1624729;Profile-Iberia2.csv
Total;ES01252;29234.264410466;Profile-Iberia2.csv
Total;ES01253;39003.113848764;Profile-Iberia2.csv
Total;ES01254;356688.128851428;Profile-Iberia2.csv
Total;ES01255;5695.7886717;Profile-Iberia2.csv
Total;ES01256;653925.262522689;Profile-Iberia2.csv
Total;ES01257;58522.970495786;Profile-Iberia2.csv
Total;ES01258;0.0;Profile-Iberia2.csv
Total;ES01259;235435.310371453;Profile-Iberia2.csv
