bus_id,voltage,y,x,country
ES00001,220,40.44828237,-3.8846286,ES
ES00002,220,40.40786423,-3.90930795,ES
ES00003,220,41.47443858,2.018072009,ES
ES00004,400,41.47443858,2.018072009,ES
ES00005,220,41.4891901,2.070360867,ES
ES00006,220,36.67160539,-5.819809015,ES
ES00007,400,36.67160539,-5.819809015,ES
ES00008,220,37.24616606,-5.846343825,ES
ES00009,400,37.24616606,-5.846343825,ES
ES00010,400,39.37035553,-5.4452713,ES
ES00011,220,41.95757173,2.282831809,ES
ES00012,400,41.95757173,2.282831809,ES
ES00013,220,40.25536924,-3.442257993,ES
ES00014,400,40.25536924,-3.442257993,ES
ES00015,220,40.21231325,-3.5800552,ES
ES00016,220,40.16305335,-3.6447983,ES
ES00017,400,39.95098931,-5.58961715,ES
ES00018,220,40.25636347,-3.876588633,ES
ES00019,400,40.25636347,-3.876588633,ES
ES00020,220,40.3456814,-3.907854184,ES
ES00021,400,40.3456814,-3.907854184,ES
ES00022,220,40.31733638,-3.779865074,ES
ES00023,220,40.31084565,-3.45551825,ES
ES00024,220,40.35597773,-3.610077458,ES
ES00025,220,42.1685218,-4.16934655,ES
ES00026,220,42.34127642,-3.78152323,ES
ES00027,220,42.37118313,-3.651108943,ES
ES00028,220,40.61457196,-3.984008336,ES
ES00029,400,40.61457196,-3.984008336,ES
ES00030,220,40.63084694,-3.9585798,ES
ES00031,400,40.63084694,-3.9585798,ES
ES00032,220,40.59825812,-4.005352335,ES
ES00033,400,40.59825812,-4.005352335,ES
ES00034,220,37.63669348,-6.097585564,ES
ES00035,400,37.63669348,-6.097585564,ES
ES00036,400,39.29204973,-5.1829486,ES
ES00037,400,42.59406171,-3.8605599,ES
ES00038,220,42.7763173,-3.213987057,ES
ES00039,400,42.7763173,-3.213987057,ES
ES00040,220,42.072153,-4.555873333,ES
ES00041,400,42.072153,-4.555873333,ES
ES00042,220,42.595609,-4.344750494,ES
ES00043,400,42.595609,-4.344750494,ES
ES00044,220,42.75600873,-3.04821095,ES
ES00045,220,43.2201104,-3.031360448,ES
ES00046,400,43.2201104,-3.031360448,ES
ES00047,220,41.3964448,2.076843256,ES
ES00048,220,41.45546901,2.188641536,ES
ES00049,220,41.26963187,-4.4870623,ES
ES00050,400,41.26963187,-4.4870623,ES
ES00051,220,41.52782652,2.02339826,ES
ES00052,220,41.55871771,2.048662814,ES
ES00053,400,41.55871771,2.048662814,ES
ES00054,220,41.78886298,-4.937907267,ES
ES00055,400,41.78886298,-4.937907267,ES
ES00056,220,41.5278171,-5.987369946,ES
ES00057,220,39.72451237,-6.877488489,ES
ES00058,400,39.72451237,-6.877488489,ES
ES00059,220,42.061674,-6.623849767,ES
ES00060,220,42.0898965,-5.19062905,ES
ES00061,400,42.0898965,-5.19062905,ES
ES00062,400,42.79766002,-5.637108632,ES
ES00063,220,41.33636405,-0.975485381,ES
ES00064,400,41.33636405,-0.975485381,ES
ES00065,220,42.34756215,-2.263475738,ES
ES00066,400,42.34756215,-2.263475738,ES
ES00067,400,41.01730832,-6.730952123,ES
ES00068,400,40.64808216,-6.59221012,ES
ES00069,400,39.95719423,-6.065187825,ES
ES00070,220,43.16613518,-8.357075518,ES
ES00071,400,43.16613518,-8.357075518,ES
ES00072,400,43.43718515,-7.857049891,ES
ES00073,220,43.34668207,-3.8263421,ES
ES00074,400,43.34668207,-3.8263421,ES
ES00075,400,39.52528779,-1.565809062,ES
ES00076,400,40.03311274,-3.08100561,ES
ES00077,132,39.4721442,-0.43216575,ES
ES00078,220,39.4721442,-0.43216575,ES
ES00079,400,42.99861797,-3.8431368,ES
ES00080,400,41.21797095,-0.281745352,ES
ES00081,220,41.72159827,-0.74224505,ES
ES00082,400,41.72159827,-0.74224505,ES
ES00083,220,41.64877012,-4.762935333,ES
ES00084,400,41.320184,-4.7270666,ES
ES00085,400,41.43764353,-2.502841475,ES
ES00086,220,41.64358958,-4.67639098,ES
ES00087,220,41.52580048,-4.714852383,ES
ES00088,220,41.50785559,-5.014786166,ES
ES00089,400,41.50785559,-5.014786166,ES
ES00090,132,39.4200066,-0.455136739,ES
ES00091,220,39.4200066,-0.455136739,ES
ES00092,400,39.4200066,-0.455136739,ES
ES00093,220,42.26633868,-8.593168895,ES
ES00094,220,42.18939135,-8.5854446,ES
ES00095,220,42.69700576,-2.917123975,ES
ES00096,220,42.66718,-3.48791256,ES
ES00097,220,43.06057896,-2.273048043,ES
ES00098,400,43.06057896,-2.273048043,ES
ES00099,400,39.6643063,-7.53250912,ES
ES00100,220,43.52041956,-5.7262449,ES
ES00101,220,43.55473828,-5.728427008,ES
ES00102,220,43.379456,-5.756745533,ES
ES00103,220,43.3799868,-5.539948867,ES
ES00104,400,43.3799868,-5.539948867,ES
ES00105,220,41.64280567,2.281358033,ES
ES00106,220,41.57692393,2.097518833,ES
ES00107,220,42.03957868,-6.892729867,ES
ES00108,220,42.15335015,-7.0629467,ES
ES00109,220,42.03172784,-6.862016088,ES
ES00110,400,42.03172784,-6.862016088,ES
ES00111,400,41.8856655,-5.1546656,ES
ES00112,220,41.49055678,-6.09050946,ES
ES00113,132,39.65817348,-0.307374544,ES
ES00114,220,39.65817348,-0.307374544,ES
ES00115,400,39.65817348,-0.307374544,ES
ES00116,220,39.65695368,-0.273858813,ES
ES00117,220,39.64817817,-0.245370428,ES
ES00118,400,39.64817817,-0.245370428,ES
ES00119,220,39.67265892,-0.26814874,ES
ES00120,132,39.55374357,-0.510184621,ES
ES00121,220,39.55374357,-0.510184621,ES
ES00122,400,39.55374357,-0.510184621,ES
ES00123,220,42.2577021,-8.058272215,ES
ES00124,400,42.2577021,-8.058272215,ES
ES00125,220,42.34441059,-7.280923017,ES
ES00126,400,42.34441059,-7.280923017,ES
ES00127,220,41.2542996,-6.487798585,ES
ES00128,400,41.2542996,-6.487798585,ES
ES00129,220,41.99852726,-6.2623524,ES
ES00130,400,41.99852726,-6.2623524,ES
ES00131,220,40.98994503,-5.690603175,ES
ES00132,220,41.9985087,-4.2693297,ES
ES00134,220,42.09667583,-1.668617989,ES
ES00135,400,42.09667583,-1.668617989,ES
ES00136,220,42.41713776,-2.2524704,ES
ES00137,400,42.41713776,-2.2524704,ES
ES00140,220,41.86857975,-4.81804725,ES
ES00141,220,42.3659843,-2.265306,ES
ES00142,220,42.27458167,-2.021622233,ES
ES00143,220,40.5522722,-3.476863767,ES
ES00144,220,40.540159,-3.314444857,ES
ES00145,220,40.56599662,-3.596490022,ES
ES00146,400,40.56599662,-3.596490022,ES
ES00147,220,40.58031105,-3.55577503,ES
ES00148,400,40.58031105,-3.55577503,ES
ES00149,220,40.55247003,-3.563787933,ES
ES00150,400,40.55247003,-3.563787933,ES
ES00151,220,38.9574396,-3.91957674,ES
ES00152,220,42.16574584,-1.674387538,ES
ES00153,400,42.16574584,-1.674387538,ES
ES00154,220,41.91647237,-4.7440426,ES
ES00155,220,42.09210783,-6.655779875,ES
ES00156,220,42.61241992,-6.566007479,ES
ES00157,400,42.61241992,-6.566007479,ES
ES00158,220,39.80737685,-5.693463916,ES
ES00159,400,39.80737685,-5.693463916,ES
ES00160,220,39.7995461,-5.6720656,ES
ES00161,220,42.47069945,-6.8150474,ES
ES00162,220,42.56988986,-6.553114018,ES
ES00163,400,42.56988986,-6.553114018,ES
ES00164,220,42.58917526,-6.62274123,ES
ES00165,400,42.58917526,-6.62274123,ES
ES00166,220,39.77783587,-5.6119499,ES
ES00167,132,39.82271875,-5.666695558,ES
ES00168,220,39.82271875,-5.666695558,ES
ES00169,220,40.0095473,-6.0863667,ES
ES00170,220,42.66966179,-1.65423425,ES
ES00171,400,42.66966179,-1.65423425,ES
ES00172,220,41.47069144,2.2241587,ES
ES00173,220,43.57638428,-5.896565025,ES
ES00174,400,43.57638428,-5.896565025,ES
ES00175,220,42.04898149,-6.543049075,ES
ES00176,400,42.04898149,-6.543049075,ES
ES00177,400,42.55331557,-5.573930117,ES
ES00178,220,36.89506925,-4.743579714,ES
ES00179,400,36.89506925,-4.743579714,ES
ES00180,220,36.4435775,-5.219782488,ES
ES00181,400,36.4435775,-5.219782488,ES
ES00182,400,36.03324782,-5.608270362,ES
ES00183,220,36.07212258,-5.61390965,ES
ES00184,400,36.07212258,-5.61390965,ES
ES00185,220,36.24802453,-5.411930617,ES
ES00186,400,36.24802453,-5.411930617,ES
ES00187,220,36.18953461,-5.426242091,ES
ES00188,400,36.18953461,-5.426242091,ES
ES00189,220,36.1842067,-5.388420118,ES
ES00190,400,36.1842067,-5.388420118,ES
ES00191,220,36.6704206,-6.300356,ES
ES00192,220,36.61863881,-6.1188697,ES
ES00193,220,37.21691915,-2.9424736,ES
ES00194,400,37.21691915,-2.9424736,ES
ES00195,220,37.26660817,-3.726574938,ES
ES00196,400,37.26660817,-3.726574938,ES
ES00197,220,37.22256546,-3.065245757,ES
ES00198,220,42.8495139,-8.69702855,ES
ES00199,220,41.63855427,-4.813607333,ES
ES00200,220,41.53924208,-5.734599213,ES
ES00201,220,40.40213312,-3.763011917,ES
ES00202,220,40.59592037,-3.722740056,ES
ES00203,400,40.59592037,-3.722740056,ES
ES00204,220,42.62647428,-7.71349554,ES
ES00205,220,41.62101279,2.114210277,ES
ES00206,400,41.62101279,2.114210277,ES
ES00207,220,41.20469582,0.571835215,ES
ES00208,400,41.20469582,0.571835215,ES
ES00209,220,41.54921277,2.174400467,ES
ES00210,220,41.52276208,1.828552208,ES
ES00211,400,41.52276208,1.828552208,ES
ES00212,220,41.50642776,1.891579625,ES
ES00213,220,41.64856763,1.590416067,ES
ES00214,400,41.76776925,1.93527732,ES
ES00215,220,42.51704858,-0.357081013,ES
ES00216,220,41.51175481,2.2155627,ES
ES00217,220,42.50152955,-1.685082436,ES
ES00218,220,42.82005037,-1.70853955,ES
ES00219,220,41.7068994,2.47055535,ES
ES00220,220,42.88864649,-2.605608029,ES
ES00221,400,42.88864649,-2.605608029,ES
ES00222,220,42.86863292,-2.66549188,ES
ES00223,220,42.82072585,-4.854393386,ES
ES00224,400,42.82072585,-4.854393386,ES
ES00225,220,43.12090904,-4.0175392,ES
ES00226,400,43.12090904,-4.0175392,ES
ES00227,220,42.86722113,-4.261312667,ES
ES00228,220,41.32957404,2.022661385,ES
ES00229,400,41.32957404,2.022661385,ES
ES00230,220,37.17130745,-2.785553783,ES
ES00231,220,42.05242244,-4.49113666,ES
ES00232,220,42.87981735,-4.16049625,ES
ES00233,220,41.4790091,2.102435333,ES
ES00234,220,40.12241854,0.14975248,ES
ES00235,132,39.97690588,-0.01561092,ES
ES00236,220,39.97690588,-0.01561092,ES
ES00237,220,40.00391561,-0.092401856,ES
ES00238,400,40.00391561,-0.092401856,ES
ES00239,220,39.92798712,-0.1777362,ES
ES00240,400,40.61184167,-0.195707189,ES
ES00241,400,39.24384777,-0.9317047,ES
ES00242,400,39.2144259,-1.054888867,ES
ES00243,220,39.25131958,-0.561808064,ES
ES00244,400,39.25131958,-0.561808064,ES
ES00245,220,41.20771162,-6.681359772,ES
ES00246,400,41.20771162,-6.681359772,ES
ES00247,132,39.49399598,-0.411747678,ES
ES00248,220,39.49399598,-0.411747678,ES
ES00249,132,39.5231239,-0.5178369,ES
ES00250,220,39.5231239,-0.5178369,ES
ES00251,400,39.5231239,-0.5178369,ES
ES00252,132,39.48031383,-0.525167663,ES
ES00253,220,39.48031383,-0.525167663,ES
ES00254,132,39.45097804,-0.51601334,ES
ES00255,220,39.45097804,-0.51601334,ES
ES00256,132,39.56078922,-0.462660623,ES
ES00257,220,39.56078922,-0.462660623,ES
ES00258,132,39.68648471,-0.28557732,ES
ES00259,220,39.68648471,-0.28557732,ES
ES00260,132,39.79482028,-0.223116994,ES
ES00261,220,39.79482028,-0.223116994,ES
ES00262,132,39.96503575,-0.08966562,ES
ES00263,220,39.96503575,-0.08966562,ES
ES00264,400,39.96503575,-0.08966562,ES
ES00265,220,39.82703948,-0.456794683,ES
ES00266,220,39.9472821,-0.08010976,ES
ES00267,400,39.95807356,-0.001807552,ES
ES00268,132,41.29701038,-0.341089638,ES
ES00269,220,41.29701038,-0.341089638,ES
ES00270,400,41.29701038,-0.341089638,ES
ES00271,400,40.81174152,-4.21390075,ES
ES00272,400,43.3263039,-4.19184635,ES
ES00273,220,43.35606199,-4.079197043,ES
ES00274,400,37.9919487,-1.407593743,ES
ES00275,220,37.9379097,-1.184543656,ES
ES00276,400,37.9379097,-1.184543656,ES
ES00277,400,41.8734127,-8.20341525,PT
ES00278,220,41.6973145,-1.288423893,ES
ES00279,220,41.84569718,-1.379562452,ES
ES00280,400,41.84569718,-1.379562452,ES
ES00281,220,41.7475754,-1.1880556,ES
ES00282,132,41.59470341,-0.847287475,ES
ES00283,220,41.59470341,-0.847287475,ES
ES00284,220,41.77014215,-1.2877089,ES
ES00285,220,39.58301031,2.548110443,ES
ES00286,220,39.53863252,2.51009148,ES
ES00287,220,39.65099598,2.679058667,ES
ES00288,220,39.67328163,3.039730083,ES
ES00289,220,39.6001554,2.7448524,ES
ES00290,220,39.58242535,3.15799855,ES
ES00291,220,39.809604,3.0925777,ES
ES00292,220,39.56816897,2.724043567,ES
ES00293,400,42.63139798,-6.04074395,ES
ES00294,220,43.30988483,-2.8497122,ES
ES00295,400,43.30988483,-2.8497122,ES
ES00296,220,43.34957671,-2.879696944,ES
ES00297,400,43.34957671,-2.879696944,ES
ES00298,220,40.27051844,-3.714184086,ES
ES00299,220,40.33821673,-3.670477411,ES
ES00300,132,41.70798183,-0.777193011,ES
ES00301,220,41.70798183,-0.777193011,ES
ES00302,132,41.74317649,-0.845002079,ES
ES00303,220,41.74317649,-0.845002079,ES
ES00304,220,42.03780538,-0.773692871,ES
ES00305,220,42.29108733,-8.110224071,ES
ES00306,220,42.5855925,-8.64436025,ES
ES00307,220,42.24804957,-8.67896575,ES
ES00308,220,42.2666756,-8.6197512,ES
ES00309,220,42.26152734,-8.26919366,ES
ES00310,220,41.99844008,-4.497570808,ES
ES00311,220,41.62072154,-4.80097024,ES
ES00312,220,40.6169836,-3.70546885,ES
ES00313,220,42.41415683,-7.6534274,ES
ES00314,220,42.44996073,-7.714367267,ES
ES00315,220,42.35729225,-7.84504865,ES
ES00316,220,42.85335935,-8.195909892,ES
ES00317,220,42.15436615,-8.19285275,ES
ES00318,220,42.39760313,-8.1574146,ES
ES00319,220,42.8303809,-8.845303375,ES
ES00320,220,42.85324281,-8.58104539,ES
ES00321,220,43.10171512,-9.048568633,ES
ES00322,220,42.89205063,-9.029482986,ES
ES00323,220,42.98195816,-9.08503298,ES
ES00324,400,41.4470173,-5.3622169,ES
ES00325,220,41.04310302,-6.806083089,ES
ES00326,400,41.04310302,-6.806083089,ES
ES00327,220,41.1945368,-5.87605275,ES
ES00328,220,38.714837,-6.80062,ES
ES00329,220,38.32219697,-6.707853006,ES
ES00330,400,38.32219697,-6.707853006,ES
ES00331,400,38.31808454,-6.19763976,ES
ES00332,220,38.8941028,-6.3457547,ES
ES00333,220,38.8193928,-6.820074133,ES
ES00334,220,38.79114746,-6.798405375,ES
ES00335,220,37.3867065,-5.853023322,ES
ES00336,220,37.55591357,-5.76204025,ES
ES00337,400,37.55591357,-5.76204025,ES
ES00338,220,37.2986419,-5.93576194,ES
ES00339,220,37.2538278,-6.06131715,ES
ES00340,220,37.29880368,-5.905554692,ES
ES00341,220,37.34470393,-6.094387733,ES
ES00342,220,37.42535054,-6.041289538,ES
ES00343,220,37.43962527,-6.266348967,ES
ES00344,220,37.29909628,-6.923240743,ES
ES00345,220,37.39210695,-6.0126955,ES
ES00346,220,36.51531899,-6.129352086,ES
ES00347,220,37.56829609,-0.949018642,ES
ES00348,400,37.56829609,-0.949018642,ES
ES00349,400,37.76406803,-1.444178733,ES
ES00350,400,37.43519878,-1.71367795,ES
ES00351,400,36.98191946,-1.917404878,ES
ES00352,400,37.63287171,-0.960790713,ES
ES00353,400,38.15002786,-0.945730655,ES
ES00354,400,36.98698673,-1.943688533,ES
ES00355,220,37.741963,-0.8740781,ES
ES00356,220,37.86245967,-0.8205154,ES
ES00357,220,37.9072227,-0.78588894,ES
ES00358,220,38.00023288,-0.7659125,ES
ES00359,400,39.04119847,-1.007304433,ES
ES00360,400,39.45942109,-0.988080951,ES
ES00361,220,39.63854236,-2.084642164,ES
ES00362,400,39.63854236,-2.084642164,ES
ES00363,400,39.46545052,-0.9706887,ES
ES00364,400,39.0439816,-1.79958745,ES
ES00365,400,38.76417267,-1.602499,ES
ES00366,400,39.26021448,-0.91713018,ES
ES00367,220,38.49269041,-0.47697638,ES
ES00368,220,38.29452516,-0.62310804,ES
ES00369,220,40.96667252,0.874153793,ES
ES00370,400,40.96667252,0.874153793,ES
ES00371,132,41.24178638,0.430947233,ES
ES00372,220,41.24178638,0.430947233,ES
ES00373,132,41.18859967,0.471009733,ES
ES00374,220,41.18859967,0.471009733,ES
ES00375,220,41.40480956,1.125792576,ES
ES00376,400,41.40480956,1.125792576,ES
ES00377,400,41.2314497,-0.2636051,ES
ES00378,220,41.36774076,0.276570863,ES
ES00379,400,41.36774076,0.276570863,ES
ES00380,400,41.38812895,0.50535109,ES
ES00381,220,41.11825883,0.642293767,ES
ES00382,220,41.20811473,1.192666,ES
ES00383,220,41.93575306,0.17459676,ES
ES00384,220,42.1535557,0.23287595,ES
ES00385,220,40.72463278,-0.84888386,ES
ES00386,400,40.72463278,-0.84888386,ES
ES00387,220,40.91497977,-1.285603133,ES
ES00388,220,40.35083447,-2.88668119,ES
ES00389,220,40.36426411,-2.829432816,ES
ES00390,400,40.7471543,-2.9851744,ES
ES00391,220,40.7025996,-2.625732475,ES
ES00392,400,40.7025996,-2.625732475,ES
ES00393,400,40.02823873,-2.31734755,ES
ES00394,220,37.92176432,-4.706672213,ES
ES00395,220,38.19167428,-4.50793226,ES
ES00396,220,38.04841099,-4.192697489,ES
ES00397,400,38.04841099,-4.192697489,ES
ES00398,220,38.64686954,-4.12578104,ES
ES00399,220,38.65884288,-3.989657988,ES
ES00400,220,38.5650091,-4.427290106,ES
ES00401,220,38.0462801,-3.9962453,ES
ES00402,220,38.67816297,-4.150486731,ES
ES00403,220,39.02170038,-4.10705292,ES
ES00404,220,38.94836805,-3.96313555,ES
ES00405,220,39.02084926,-3.37826688,ES
ES00406,400,39.82304243,-6.3592907,ES
ES00407,220,39.8357358,-5.98931385,ES
ES00408,220,39.6027911,-6.3427854,ES
ES00409,400,39.6027911,-6.3427854,ES
ES00410,220,39.48234444,-6.354592388,ES
ES00411,220,38.83669832,-6.977765,ES
ES00412,220,40.79628543,-0.816151467,ES
ES00413,220,41.17604879,-0.42063557,ES
ES00414,220,41.03289836,-0.840993238,ES
ES00415,400,41.03289836,-0.840993238,ES
ES00416,220,39.98743127,-0.655983433,ES
ES00417,220,40.78475653,-0.8594783,ES
ES00418,132,43.26331105,-1.94455035,ES
ES00419,220,43.26331105,-1.94455035,ES
ES00420,220,43.30268871,-1.84340634,ES
ES00421,220,43.32153399,-1.892329489,ES
ES00422,220,41.4453078,1.98632055,ES
ES00423,220,41.37524658,1.982070579,ES
ES00424,220,38.73849051,-7.060534114,ES
ES00425,220,42.68220895,-3.5502831,ES
ES00426,220,42.3823347,-3.76993185,ES
ES00427,220,43.3291142,-8.500214,ES
ES00428,220,43.34008702,-8.428074525,ES
ES00429,220,37.48125731,-6.06769418,ES
ES00430,220,43.28160294,-3.037074043,ES
ES00431,400,43.28160294,-3.037074043,ES
ES00432,400,42.74645115,-8.254531375,ES
ES00433,220,43.17069061,-8.408329567,ES
ES00434,220,43.18462114,-8.34965954,ES
ES00435,220,41.35298295,1.905349779,ES
ES00436,400,41.35298295,1.905349779,ES
ES00437,220,41.39084515,1.86739935,ES
ES00438,220,41.61160869,0.670168989,ES
ES00439,220,41.37143157,1.361163589,ES
ES00440,220,41.5793342,0.62267006,ES
ES00441,132,41.50025183,0.493736358,ES
ES00442,220,41.50025183,0.493736358,ES
ES00443,132,41.32688223,0.312424767,ES
ES00444,220,41.32688223,0.312424767,ES
ES00445,220,41.62840666,0.49707456,ES
ES00446,220,41.53109625,0.8281782,ES
ES00447,220,41.11423545,1.1976621,ES
ES00448,220,41.11571536,1.16413924,ES
ES00449,220,41.13565895,1.22523425,ES
ES00450,400,41.97361959,2.6973659,ES
ES00451,220,42.02293302,2.901028057,ES
ES00452,400,41.52606716,-0.10007268,ES
ES00453,220,41.80839882,2.2128379,ES
ES00454,220,42.25436829,0.96426212,ES
ES00455,220,42.40372148,0.73880704,ES
ES00456,220,42.31294735,0.21164885,ES
ES00457,220,42.38742513,0.35470765,ES
ES00458,400,37.45719115,-4.497974464,ES
ES00459,400,41.32090002,-1.706041363,ES
ES00460,400,41.65020874,-1.29688474,ES
ES00461,220,42.04801532,-1.618558058,ES
ES00462,220,41.74672295,-1.925624964,ES
ES00463,220,41.87376365,-2.12013765,ES
ES00464,220,41.86302243,-1.6928503,ES
ES00465,220,41.70494763,-1.350157517,ES
ES00466,220,41.49246904,-1.139317353,ES
ES00467,220,41.5050462,-1.013563675,ES
ES00468,220,41.57184805,-0.787191554,ES
ES00469,220,41.54073568,-0.683588875,ES
ES00470,220,40.38777057,-3.420821566,ES
ES00471,400,40.38777057,-3.420821566,ES
ES00472,220,39.99771406,-4.82516562,ES
ES00473,220,40.4540211,-3.907264,ES
ES00474,220,40.31923357,-3.6131695,ES
ES00475,220,39.77929682,-5.08801378,ES
ES00476,400,37.547954,-7.240350733,ES
ES00477,220,37.21672489,-6.94322315,ES
ES00478,220,37.18542752,-6.887260336,ES
ES00479,400,37.18542752,-6.887260336,ES
ES00480,400,40.69539886,-4.071592725,ES
ES00481,400,40.87714615,-4.34415655,ES
ES00482,220,40.39311966,-3.47252034,ES
ES00483,400,40.39311966,-3.47252034,ES
ES00484,220,40.05950476,-2.93901024,ES
ES00485,220,40.44642992,-3.518723673,ES
ES00486,400,40.44642992,-3.518723673,ES
ES00487,132,40.51952621,-3.671906233,ES
ES00488,220,40.51952621,-3.671906233,ES
ES00489,400,40.51952621,-3.671906233,ES
ES00490,220,39.94559744,-3.859596671,ES
ES00491,220,40.1320936,-3.8195698,ES
ES00492,220,39.48077952,-3.5848475,ES
ES00493,220,39.2449193,-3.4883263,ES
ES00494,220,36.90855353,-2.465181533,ES
ES00495,220,37.14614407,-3.674712867,ES
ES00496,220,37.07103083,-2.3124344,ES
ES00497,400,37.07103083,-2.3124344,ES
ES00498,400,37.11600135,-4.4125312,ES
ES00499,220,37.25370042,-4.77604186,ES
ES00500,400,37.25370042,-4.77604186,ES
ES00501,220,36.74910164,-4.602361872,ES
ES00502,400,36.74910164,-4.602361872,ES
ES00503,220,36.6561014,-4.57544815,ES
ES00504,220,36.73015107,-4.473734906,ES
ES00505,220,37.22673098,-3.696784523,ES
ES00506,220,37.24018705,-3.8849227,ES
ES00507,220,36.52406134,-4.85907966,ES
ES00508,220,38.71761389,-0.72381924,ES
ES00509,400,38.71761389,-0.72381924,ES
ES00510,400,38.56016903,-0.855900263,ES
ES00511,220,38.33927395,-0.6497324,ES
ES00512,220,38.2646539,-0.636475767,ES
ES00513,220,38.39703415,-0.5384729,ES
ES00514,220,39.15132386,-0.45812123,ES
ES00515,220,38.37551028,-0.751157433,ES
ES00516,220,39.1281222,-0.417991267,ES
ES00517,220,39.05816142,-0.279415133,ES
ES00518,220,37.80044054,-3.80360548,ES
ES00519,220,39.33955588,-3.87402278,ES
ES00520,220,41.38466333,2.0982694,ES
ES00521,220,41.34243347,2.101409033,ES
ES00522,220,37.04359185,-4.9736444,ES
ES00523,220,36.92511523,-4.874176767,ES
ES00524,220,42.3235385,1.3945491,ES
ES00525,220,42.4954428,1.213544189,ES
ES00526,220,42.17458104,1.855549213,ES
ES00527,220,42.5430905,0.4699466,ES
ES00530,220,39.86155515,-2.56913565,ES
ES00531,220,36.49578445,-5.784935343,ES
ES00532,220,36.4147622,-5.26022225,ES
ES00533,400,42.17778218,-1.69325624,ES
ES00534,220,42.41325211,-1.67944467,ES
ES00535,220,42.78635582,-1.63559568,ES
ES00536,220,43.04550423,-2.24104996,ES
ES00537,220,37.7556866,-5.02489852,ES
ES00538,220,37.52910562,-5.163971125,ES
ES00539,220,37.5723404,-5.1584509,ES
ES00540,220,37.00326447,-6.046246133,ES
ES00541,220,42.6963806,-8.3402702,ES
ES00542,220,42.82713293,-8.2403517,ES
ES00543,220,42.16750415,-7.173330983,ES
ES00544,400,43.59062384,-7.552902543,ES
ES00545,400,43.12893001,-7.41423955,ES
ES00546,220,42.31117114,-7.2198635,ES
ES00547,400,42.31117114,-7.2198635,ES
ES00548,220,42.3292858,-7.039603533,ES
ES00549,220,42.39064391,-7.088945871,ES
ES00550,220,42.41743966,-6.925446225,ES
ES00551,400,43.70202765,-7.47896355,ES
ES00552,400,43.36655428,-6.302351131,ES
ES00553,400,43.24308955,-6.86439275,ES
ES00554,400,43.30092866,-5.698807556,ES
ES00555,220,43.27538813,-5.8035451,ES
ES00556,220,43.0289438,-5.839656067,ES
ES00557,220,43.55479645,-5.862943675,ES
ES00558,220,43.31465247,-5.888263182,ES
ES00559,400,43.31465247,-5.888263182,ES
ES00560,400,41.10598012,-2.37395224,ES
ES00561,220,41.57849037,1.6727543,ES
ES00562,220,41.67684307,1.4450963,ES
ES00563,220,36.41566276,-5.205547311,ES
ES00564,220,36.52586238,-5.830822133,ES
ES00565,220,42.83149665,-6.48823755,ES
ES00566,132,40.41241756,-3.557266823,ES
ES00567,220,40.41241756,-3.557266823,ES
ES00568,132,40.4179027,-3.607506233,ES
ES00569,220,40.4179027,-3.607506233,ES
ES00570,220,43.15157755,-8.02476885,ES
ES00571,220,43.3359748,-3.58669638,ES
ES00572,400,43.3359748,-3.58669638,ES
ES00573,400,43.3288908,-3.096118833,ES
ES00574,220,42.9318446,-5.0873975,ES
ES00575,220,42.6697617,-6.51287535,ES
ES00576,220,42.938575,-6.2875026,ES
ES00577,220,43.25871609,-1.971057638,ES
ES00578,400,43.25871609,-1.971057638,ES
ES00579,400,43.43379555,-2.8750824,ES
ES00580,220,43.13503129,-3.111016214,ES
ES00581,220,43.0849339,-3.01164135,ES
ES00582,220,43.0786209,-2.994855033,ES
ES00583,220,43.33785043,-3.0537456,ES
ES00584,400,43.33785043,-3.0537456,ES
ES00585,400,43.35106688,-3.084161638,ES
ES00586,220,43.31324695,-3.035862525,ES
ES00587,220,43.18974513,-3.074129743,ES
ES00588,220,43.21958257,-2.891326764,ES
ES00589,220,43.13856875,-2.5953475,ES
ES00590,220,43.07913345,-2.3200605,ES
ES00591,220,43.3264649,-1.804918257,ES
ES00592,220,42.85270533,-2.709740583,ES
ES00593,220,42.8367331,-2.747571867,ES
ES00594,220,42.45790478,-2.4913123,ES
ES00595,220,42.50681698,-2.58788056,ES
ES00596,220,41.49639665,1.20154395,ES
ES00597,220,42.21586425,-0.57227436,ES
ES00598,220,41.47455203,1.1227152,ES
ES00599,220,41.25596963,1.579355338,ES
ES00600,400,41.25539683,1.719311229,ES
ES00601,132,40.51239492,-3.855970452,ES
ES00602,220,40.51239492,-3.855970452,ES
ES00603,132,40.51410258,-3.697466663,ES
ES00604,220,40.51410258,-3.697466663,ES
ES00605,220,41.36383357,1.707424617,ES
ES00606,220,41.2116256,1.657639433,ES
ES00607,220,40.23904541,-3.741211007,ES
ES00608,220,43.43785952,-3.863280278,ES
ES00609,220,42.12404345,-8.312002383,ES
ES00610,400,39.7160139,-1.93040572,ES
ES00611,220,39.04517665,-3.3449608,ES
ES00612,400,39.04517665,-3.3449608,ES
ES00613,220,38.64802145,-3.970833,ES
ES00614,220,39.06081693,-0.519681517,ES
ES00615,220,42.40938854,-3.76307316,ES
ES00616,220,40.32702807,-3.721123428,ES
ES00617,220,40.43409355,-3.74230035,ES
ES00618,220,36.69485824,-4.46631122,ES
ES00619,220,39.0010335,-0.2244701,ES
ES00620,220,42.5036236,-6.354286133,ES
ES00621,220,42.49190107,-6.33507815,ES
ES00622,220,42.54218407,-6.423452633,ES
ES00623,220,37.14466845,-6.49396445,ES
ES00624,320,42.23030102,2.945836923,ES
ES00625,400,42.23030102,2.945836923,ES
ES00626,220,42.06238536,2.882284422,ES
ES00628,220,40.7931527,-0.88151591,ES
ES00629,220,42.09222865,-0.84688605,ES
ES00630,220,41.96996293,-0.621004033,ES
ES00631,220,41.9896248,-0.66058864,ES
ES00632,220,40.47335235,-3.886663563,ES
ES00633,220,36.21361013,-5.452379213,ES
ES00634,132,40.40553036,-3.720581556,ES
ES00635,220,40.40553036,-3.720581556,ES
ES00636,132,40.43083335,-3.713463275,ES
ES00637,220,40.43083335,-3.713463275,ES
ES00638,220,40.38935944,-3.61800826,ES
ES00639,400,38.88261445,-1.279693825,ES
ES00640,220,41.96315895,-2.24645195,ES
ES00641,400,43.22337795,-7.0075054,ES
ES00642,400,43.38859543,-5.99619951,ES
ES00643,220,38.65111812,-4.24933564,ES
ES00644,400,38.65111812,-4.24933564,ES
ES00645,220,39.23701787,-5.315205767,ES
ES00646,220,39.2208622,-5.3765761,ES
ES00647,400,39.2208622,-5.3765761,ES
ES00648,220,41.06191752,-5.48236542,ES
ES00649,400,39.09131146,-6.368343738,ES
ES00650,220,38.80492891,-6.5157846,ES
ES00651,400,38.80492891,-6.5157846,ES
ES00652,220,37.34290491,-6.385861513,ES
ES00653,400,41.02513488,-0.38195465,ES
ES00654,220,40.50268112,-3.61358088,ES
ES00655,220,41.19991098,1.230102883,ES
ES00656,220,41.19493027,1.248803867,ES
ES00657,220,39.45400046,-5.903553706,ES
ES00658,400,42.32222669,-3.820987889,ES
ES00659,220,37.96303975,-0.89637425,ES
ES00660,400,37.96303975,-0.89637425,ES
ES00661,220,37.96964543,-0.703572233,ES
ES00662,400,40.64250225,-6.5515962,ES
ES00663,220,41.01281428,-0.9478199,ES
ES00664,220,41.6045788,-5.020563633,ES
ES00665,220,41.3052207,-0.95078945,ES
ES00666,220,41.1849948,-0.92786296,ES
ES00667,220,41.1025725,-0.904317033,ES
ES00668,220,40.89419468,-5.94457914,ES
ES00669,400,37.55871528,-2.748445,ES
ES00671,220,39.07983465,-3.3139749,ES
ES00672,220,41.95324172,-2.200509683,ES
ES00673,400,39.79985102,-6.35987955,ES
ES00674,220,39.50608663,-6.425225275,ES
ES00675,220,42.20634013,-4.2135188,ES
ES00676,220,42.17860335,-4.18154365,ES
ES00677,220,42.20377625,-4.26877065,ES
ES00678,220,38.7583948,-6.4957345,ES
ES00679,220,39.44868095,-5.952238,ES
ES00680,220,39.4426704,-5.9959242,ES
ES00681,250,39.6524842,-0.2060996,ES
ES00682,220,40.4373623,-3.7871714,ES
ES00683,250,39.517267,2.4797604,ES
ES00684,220,40.6373916,-3.6371236,ES
ES00685,400,40.6373916,-3.6371236,ES
ES00686,220,40.5507482,-3.60636,ES
ES00687,220,40.1969957,-3.6000556,ES
ES00688,400,40.1969957,-3.6000556,ES
ES00689,220,40.260159,-3.504744,ES
ES00690,400,40.260159,-3.504744,ES
ES00691,400,42.3389661,-3.851565,ES
ES00692,220,42.4452162,-3.650566,ES
ES00693,400,42.4452162,-3.650566,ES
ES00694,400,41.7852581,-5.401676,ES
ES00695,400,42.064448,-5.1567909,ES
ES00696,220,42.10227,-5.2116485,ES
ES00697,220,41.3005977,-0.7025907,ES
ES00698,400,43.0066416,-3.8227896,ES
ES00699,220,43.3445406,-3.8496331,ES
ES00700,400,39.4556408,-0.8406218,ES
ES00701,220,39.8587139,-2.544303,ES
ES00702,400,42.9969602,-3.8417694,ES
ES00703,220,41.5402393,-4.6745467,ES
ES00704,132,39.4439369,-0.4484019,ES
ES00705,220,39.4439369,-0.4484019,ES
ES00706,220,42.2468047,-8.4342632,ES
ES00707,220,42.4174988,-8.6649704,ES
ES00708,220,41.6482427,-4.7429533,ES
ES00709,220,41.6555521,2.3120787,ES
ES00710,400,42.4597698,-4.6884887,ES
ES00711,400,41.6330139,-5.7585335,ES
ES00712,400,39.7160697,-6.8423654,ES
ES00713,220,41.9781369,-4.4618987,ES
ES00714,220,42.0711916,-4.4618891,ES
ES00715,220,41.9986088,-4.2694526,ES
ES00716,220,36.8336869,-2.4288892,ES
ES00718,220,42.8902023,-8.5983275,ES
ES00719,220,42.8936514,-8.553273,ES
ES00720,220,42.8800729,-8.6366161,ES
ES00722,220,42.273367,-2.0229784,ES
ES00723,400,42.5932874,-6.5850776,ES
ES00724,132,39.8334429,-5.7014739,ES
ES00725,220,39.8334429,-5.7014739,ES
ES00726,220,42.6094965,-6.7635572,ES
ES00727,220,39.8245781,-5.7733456,ES
ES00728,400,41.9436403,-5.0115082,ES
ES00729,400,42.0021403,-4.8490943,ES
ES00730,400,42.4474093,-5.5518952,ES
ES00731,220,42.4168047,-6.0018709,ES
ES00732,220,43.3695524,-5.3866664,ES
ES00733,400,43.3695524,-5.3866664,ES
ES00734,400,42.5809367,-6.4211298,ES
ES00735,400,36.062491,-5.5747321,ES
ES00736,220,36.2526722,-5.5279276,ES
ES00737,400,42.3644366,2.4575662,ES
ES00738,220,40.4093194,-3.8198922,ES
ES00739,220,42.5599948,-6.585004,ES
ES00740,220,42.5994618,-1.2752849,ES
ES00741,220,41.5690907,2.1852597,ES
ES00742,225,43.4252932,-1.4534022,FR
ES00743,220,43.3373701,-1.7559394,ES
ES00744,225,43.3373701,-1.7559394,ES
ES00745,220,42.8790078,-2.5537486,ES
ES00746,400,42.9604339,-4.2326109,ES
ES00747,220,42.8669362,-4.2614032,ES
ES00748,220,42.8415866,-4.9097328,ES
ES00749,400,42.8160779,-4.9131808,ES
ES00750,400,42.5549126,-4.4058069,ES
ES00751,220,36.2117601,-5.4157556,ES
ES00752,400,41.5074918,1.989241,ES
ES00753,220,41.8571504,-4.789133,ES
ES00754,220,41.9168289,-4.7444459,ES
ES00755,220,41.4866237,1.994732,ES
ES00756,220,41.4902684,2.0675031,ES
ES00757,220,40.0470834,-0.0291081,ES
ES00758,400,40.0470834,-0.0291081,ES
ES00759,220,40.159682,0.1400181,ES
ES00760,400,39.9698286,-0.1257991,ES
ES00761,400,41.0249101,0.8422988,ES
ES00762,400,39.4933376,-1.0685104,ES
ES00763,132,39.4140337,-0.4781801,ES
ES00764,220,39.4140337,-0.4781801,ES
ES00765,220,39.4514166,-0.5188229,ES
ES00766,132,39.8971831,-0.136945,ES
ES00767,220,39.8971831,-0.136945,ES
ES00768,400,41.1963641,-0.3229955,ES
ES00769,400,40.7320779,-4.1950818,ES
ES00770,220,43.2182051,-4.0813211,ES
ES00771,220,43.3312492,-4.5495542,ES
ES00772,400,43.3312492,-4.5495542,ES
ES00773,220,43.3372467,-4.6035304,ES
ES00774,400,43.3372467,-4.6035304,ES
ES00775,220,43.3404079,-4.0800909,ES
ES00776,220,36.768623,-4.4625182,ES
ES00777,400,41.8771415,-8.1981098,ES
ES00778,220,43.1285761,-3.8323178,ES
ES00779,400,43.2860064,-3.8675893,ES
ES00780,400,43.3187809,-3.8373841,ES
ES00781,400,41.6657321,-1.3093342,ES
ES00782,220,41.7187167,-1.2239701,ES
ES00783,220,41.706328,-1.3284213,ES
ES00784,220,39.5478284,2.7024104,ES
ES00785,400,42.7106321,-5.8040848,ES
ES00786,400,42.5755229,-6.1947172,ES
ES00787,400,42.628438,-6.2037896,ES
ES00788,400,42.6437001,-6.3607337,ES
ES00789,400,42.6171254,-6.7959816,ES
ES00790,220,42.5821954,-6.2161411,ES
ES00791,220,42.2758008,-8.1306865,ES
ES00792,220,42.2880926,-8.0804522,ES
ES00793,220,42.3009628,-8.1380196,ES
ES00794,220,42.3905593,-8.5806678,ES
ES00795,220,42.2721254,-8.0735926,ES
ES00796,220,42.3811228,-7.9816565,ES
ES00797,220,42.4494252,-7.7150959,ES
ES00798,220,42.5215012,-7.8172274,ES
ES00799,220,42.6139501,-7.7435359,ES
ES00800,220,42.6258228,-7.7665195,ES
ES00801,220,42.4682759,-7.7268281,ES
ES00802,220,42.2460328,-8.0771736,ES
ES00803,220,42.4901712,-8.3667313,ES
ES00804,220,42.4911659,-8.3226661,ES
ES00805,220,42.5503346,-8.2077309,ES
ES00806,220,42.5552605,-8.2505024,ES
ES00807,220,42.6070332,-8.2656341,ES
ES00808,220,42.7421436,-8.1591431,ES
ES00809,220,43.1210648,-9.0516161,ES
ES00810,220,41.2698667,-6.432315,ES
ES00811,220,41.2814573,-6.4061346,ES
ES00812,220,41.5741145,-6.1894799,ES
ES00813,220,41.1378473,-7.1236002,PT
ES00814,400,41.2210765,-6.7370561,ES
ES00815,220,39.1864389,-0.4026478,ES
ES00816,220,38.6580417,-6.7400302,ES
ES00817,400,39.5235832,-7.7288328,PT
ES00818,400,38.1849779,-7.4986865,PT
ES00819,400,38.7800815,-6.2882996,ES
ES00820,220,38.8124223,-6.8382467,ES
ES00821,220,38.8179594,-6.8188047,ES
ES00822,220,36.7463324,-4.3895046,ES
ES00823,220,37.2898109,-5.8629498,ES
ES00824,132,37.3465292,-5.8035118,ES
ES00825,220,37.3465292,-5.8035118,ES
ES00826,132,37.3741591,-5.818931,ES
ES00827,220,37.3741591,-5.818931,ES
ES00828,220,37.4386165,-5.7013059,ES
ES00829,220,37.2741228,-5.9664362,ES
ES00830,220,37.3491863,-5.9525659,ES
ES00831,220,37.2791921,-5.8517302,ES
ES00832,220,37.2937591,-5.8385505,ES
ES00833,220,37.3616679,-5.8876004,ES
ES00834,220,37.4319471,-6.1686857,ES
ES00835,220,37.4392936,-6.2663591,ES
ES00836,400,37.7637362,-1.4439535,ES
ES00837,220,37.6110457,-0.9187596,ES
ES00838,220,37.8637623,-0.8233401,ES
ES00839,220,37.907034,-0.8065359,ES
ES00840,220,39.3993521,-0.650871,ES
ES00841,400,39.3993521,-0.650871,ES
ES00842,220,41.1853498,0.5225115,ES
ES00843,220,41.1181224,0.6423086,ES
ES00844,220,37.8260377,-4.8034303,ES
ES00845,220,37.8569553,-4.8129396,ES
ES00846,220,38.1218745,-4.534677,ES
ES00847,220,38.1832888,-4.4827711,ES
ES00848,220,38.558422,-4.2421252,ES
ES00849,220,38.0056112,-3.9739744,ES
ES00850,220,39.0013647,-4.12176,ES
ES00851,220,40.1799555,-6.1419397,ES
ES00852,220,40.1933818,-6.1264255,ES
ES00853,220,40.2192926,-6.1338245,ES
ES00854,220,39.5670763,-6.3350435,ES
ES00855,220,39.6423819,-6.3566024,ES
ES00856,220,39.9876109,-0.6563083,ES
ES00857,220,39.9891245,-0.6796766,ES
ES00858,220,40.7133099,-0.902643,ES
ES00859,400,43.3312667,-1.7335498,FR
ES00860,400,43.2372819,-1.9637842,ES
ES00861,220,43.2992352,-3.0425661,ES
ES00862,220,42.9182052,-2.3407858,ES
ES00863,220,42.8980157,-2.4237966,ES
ES00864,220,42.9040328,-2.3989814,ES
ES00865,220,42.7312196,-3.6097693,ES
ES00866,220,43.3175477,-8.4303305,ES
ES00867,400,42.4506961,-5.9640637,ES
ES00868,220,42.514422,-6.4335928,ES
ES00869,220,43.1516599,-8.0256021,ES
ES00870,400,39.3712962,-5.4457626,ES
ES00871,220,43.1469498,-8.3688263,ES
ES00872,220,41.4242954,1.8614837,ES
ES00873,220,41.2835822,1.2917768,ES
ES00874,220,41.2864494,1.3210181,ES
ES00875,220,41.1146502,1.1977232,ES
ES00876,220,41.1595573,1.220298,ES
ES00877,220,41.1859476,1.2719879,ES
ES00878,400,41.9064106,2.5644292,ES
ES00879,400,41.9136141,2.3691245,ES
ES00880,400,41.9210675,2.3903925,ES
ES00881,220,41.5495678,2.1751842,ES
ES00882,220,41.5778429,2.0981318,ES
ES00883,220,41.608596,2.1906838,ES
ES00884,400,41.6670315,2.1031418,ES
ES00885,220,42.0166913,1.9803586,ES
ES00886,400,41.2487019,-0.2713422,ES
ES00887,400,41.279952,-0.2184849,ES
ES00888,220,41.8832259,2.2195784,ES
ES00889,220,41.648514,1.5901764,ES
ES00890,400,42.506565,0.9917968,ES
ES00891,220,42.5691213,0.7567552,ES
ES00892,400,41.2902288,-1.6964741,ES
ES00893,220,41.7986517,-1.3622479,ES
ES00894,220,41.8259391,-1.9008008,ES
ES00895,220,41.8631563,-1.692803,ES
ES00896,220,41.7896466,-1.3134157,ES
ES00897,220,41.6949959,-1.4085656,ES
ES00898,220,41.4735525,-1.1488579,ES
ES00899,220,41.5509525,-1.1324087,ES
ES00900,220,41.5723661,-0.8589991,ES
ES00901,220,41.5840721,-0.8133889,ES
ES00902,220,40.7704547,-0.8272096,ES
ES00903,400,40.4346553,-3.2278972,ES
ES00904,400,40.4650843,-3.2960706,ES
ES00905,400,40.5233356,-3.066551,ES
ES00906,220,39.9995742,-4.2697796,ES
ES00907,220,40.064353,-4.2560456,ES
ES00908,220,39.9319397,-4.9315806,ES
ES00909,220,39.9749696,-5.7037566,ES
ES00910,220,37.6663782,-6.0293733,ES
ES00911,220,37.2746757,-6.9086136,ES
ES00914,400,40.5758211,-3.6526073,ES
ES00915,400,40.6538214,-3.9946591,ES
ES00916,400,40.9208874,-4.2500993,ES
ES00917,400,40.9404557,-4.1657949,ES
ES00918,400,40.1393252,-3.2421303,ES
ES00919,220,40.3044782,-3.4123598,ES
ES00920,220,40.5359516,-3.6711561,ES
ES00921,400,40.5359516,-3.6711561,ES
ES00922,220,40.5606812,-3.6555606,ES
ES00923,400,40.5606812,-3.6555606,ES
ES00924,220,40.3193166,-3.6130925,ES
ES00925,220,41.3278409,-4.9110074,ES
ES00926,400,41.4841295,-5.0018867,ES
ES00927,220,41.5537157,-5.0351852,ES
ES00928,220,39.9806029,-3.8384852,ES
ES00929,220,39.9955359,-3.8721042,ES
ES00930,220,40.1320478,-3.8194467,ES
ES00931,220,40.0159312,-3.8373196,ES
ES00932,400,36.9865827,-1.9428451,ES
ES00933,220,36.8953589,-3.4188217,ES
ES00934,220,36.9061428,-3.406381,ES
ES00935,220,36.746088,-4.4716585,ES
ES00936,220,36.7476127,-4.53334,ES
ES00937,220,36.708725,-4.5768191,ES
ES00938,220,36.6276261,-4.826427,ES
ES00939,220,36.735285,-4.5023979,ES
ES00940,400,38.7435246,-0.7150712,ES
ES00941,400,39.2299024,-0.5355828,ES
ES00942,400,39.3747709,-0.4946507,ES
ES00943,220,38.3247286,-0.6092614,ES
ES00944,220,38.2646522,-0.6365486,ES
ES00945,220,38.0567042,-0.7368292,ES
ES00946,220,38.4247199,-0.4207782,ES
ES00947,220,38.4773562,-0.4703701,ES
ES00948,220,39.1548995,-0.5271071,ES
ES00949,220,39.251541,-0.5011131,ES
ES00950,220,38.4395101,-0.7502848,ES
ES00951,220,38.3287585,-0.5196078,ES
ES00952,220,39.1258821,-0.4197561,ES
ES00953,220,37.7858002,-3.8899021,ES
ES00954,220,39.3250529,-3.9292452,ES
ES00955,220,39.2669718,-4.0923415,ES
ES00956,220,39.4388034,-0.385507,ES
ES00957,400,42.0011696,-5.3825999,ES
ES00958,132,41.6456665,-0.7664546,ES
ES00959,220,41.6456665,-0.7664546,ES
ES00960,220,43.1701925,-8.4391677,ES
ES00961,220,42.3188959,1.3446849,ES
ES00962,220,42.6459549,1.2593471,ES
ES00963,400,42.0554422,-1.2221561,ES
ES00964,220,42.5890865,0.4918706,ES
ES00965,400,43.3136211,-3.4786877,ES
ES00966,220,42.5335344,-6.5786414,ES
ES00967,220,39.9845188,-2.7569152,ES
ES00968,220,36.1457378,-5.7181478,ES
ES00969,220,36.2134703,-5.3748985,ES
ES00970,220,42.0651825,-1.6460466,ES
ES00971,220,42.1111453,-1.7138841,ES
ES00972,220,42.7784637,-1.6823323,ES
ES00973,220,42.7927259,-1.7062182,ES
ES00974,220,42.6286316,-1.2658912,ES
ES00975,220,37.6667615,-5.2269841,ES
ES00976,220,37.5717084,-5.158702,ES
ES00977,220,37.6434909,-5.2473868,ES
ES00978,220,36.6113345,-6.0880047,ES
ES00979,220,36.6389899,-5.9517093,ES
ES00980,220,42.8265713,-8.2397603,ES
ES00981,225,42.8219236,0.0107832,FR
ES00982,220,42.1583375,-7.1067065,ES
ES00983,220,43.3761477,-5.2685287,ES
ES00984,400,43.3761477,-5.2685287,ES
ES00985,220,43.3763253,-5.2361459,ES
ES00986,400,43.3763253,-5.2361459,ES
ES00987,220,43.3769307,-5.456235,ES
ES00988,400,43.3769307,-5.456235,ES
ES00989,220,42.3291783,-7.0402094,ES
ES00991,400,43.2969947,-6.3645331,ES
ES00994,220,43.3279905,-5.8196792,ES
ES00995,400,43.3602184,-5.9334082,ES
ES00996,400,41.0999855,-2.34573,ES
ES00997,220,41.6756774,1.4446556,ES
ES00998,220,41.5793363,1.6755346,ES
ES00999,220,42.3874432,0.3546965,ES
ES01000,220,42.4717324,0.1361641,ES
ES01001,220,36.4631979,-5.8245805,ES
ES01002,220,43.1218521,-4.0488387,ES
ES01003,400,42.8370952,-6.5329644,ES
ES01004,400,42.3141711,-5.8706472,ES
ES01005,220,40.3466157,-3.7843869,ES
ES01006,220,40.3266948,-3.8245774,ES
ES01007,400,43.3057826,-3.152494,ES
ES01008,220,42.1542734,-7.1885403,ES
ES01009,220,42.1231261,-6.7540659,ES
ES01010,220,42.9318511,-5.0876141,ES
ES01011,220,43.3794694,-5.4739677,ES
ES01012,400,43.3794694,-5.4739677,ES
ES01013,220,43.2763227,-5.8003965,ES
ES01014,220,42.842937,-6.47027,ES
ES01015,220,42.9383323,-6.2874793,ES
ES01016,220,43.0298994,-5.8402179,ES
ES01017,220,41.7281786,-5.0385567,ES
ES01018,220,42.8497883,-8.3586106,ES
ES01019,220,42.8585102,-8.3203828,ES
ES01020,220,42.9375101,-2.6603631,ES
ES01021,400,42.9375101,-2.6603631,ES
ES01022,220,42.9659207,-2.2916272,ES
ES01023,220,43.0175501,-2.2530012,ES
ES01024,400,43.2133212,-2.2525012,ES
ES01025,400,43.2360059,-2.7491025,ES
ES01026,400,43.2659407,-2.7369952,ES
ES01027,220,43.0323294,-3.0009732,ES
ES01028,220,43.0790648,-2.9951813,ES
ES01029,220,43.3044327,-3.0011699,ES
ES01030,220,43.2033464,-3.1040399,ES
ES01031,220,43.2286161,-2.9378213,ES
ES01032,220,43.2472357,-2.9825069,ES
ES01033,220,43.1619677,-2.575452,ES
ES01034,220,43.0967794,-2.4284464,ES
ES01035,220,43.0998195,-2.3880182,ES
ES01036,220,42.8369671,-2.7478734,ES
ES01037,220,42.6113102,-2.8263904,ES
ES01038,220,42.5684765,-2.8852842,ES
ES01039,220,42.4220677,-2.4386674,ES
ES01040,220,42.6016244,-2.3823275,ES
ES01041,220,42.6112132,-0.310193,ES
ES01042,220,42.6280591,-0.3160711,ES
ES01043,220,41.4746605,1.1226224,ES
ES01044,400,41.2688895,1.7101479,ES
ES01045,220,42.1527338,-6.909923,ES
ES01046,220,42.1519598,-6.9080234,ES
ES01047,220,43.3947957,-3.8263947,ES
ES01048,400,43.2916964,-6.3958949,ES
ES01049,220,41.5542686,1.3603966,ES
ES01050,220,41.1886988,0.4707737,ES
ES01051,220,39.6804808,-3.8028247,ES
ES01052,220,39.69312,-3.8837973,ES
ES01053,220,41.7771432,-6.0612702,ES
ES01054,220,42.341821,-8.3160818,ES
ES01055,220,42.1384718,-8.6212387,ES
ES01056,220,42.112305,-8.4998862,ES
ES01057,220,39.9495387,-4.7795159,ES
ES01058,220,38.957966,-6.4644938,ES
ES01059,220,36.4894024,-5.9132361,ES
ES01060,220,39.1847548,-3.3213604,ES
ES01061,220,39.0789296,-3.3341266,ES
ES01062,220,39.1637739,-3.2779295,ES
ES01063,220,39.0493565,-3.4113719,ES
ES01064,220,42.8881017,-8.5045534,ES
ES01065,220,41.5018865,-0.9299658,ES
ES01066,220,40.5516024,-3.4760145,ES
ES01067,220,40.4704901,-3.5244496,ES
ES01068,220,42.7108529,-0.0692588,ES
ES01069,225,42.7108529,-0.0692588,ES
ES01070,220,40.4908974,-3.6606857,ES
ES01071,220,36.9637712,-2.9801609,ES
ES01073,220,39.4435878,-5.9893037,ES
ES01074,220,39.0541604,-0.3203411,ES
ES01075,400,40.0373049,-3.0432322,ES
ES01076,400,39.9809899,-3.1139535,ES
ES01077,220,40.3683795,-3.9190434,ES
ES01078,220,39.4870686,-3.5345127,ES
ES01079,400,37.9617141,-0.921462,ES
ES01080,220,40.2873911,-3.7619281,ES
ES01081,132,43.2747773,-1.9147473,ES
ES01082,220,43.2747773,-1.9147473,ES
ES01083,400,43.092155,-5.2174759,ES
ES01084,400,43.2617516,-5.6878525,ES
ES01085,220,42.3445455,-3.5891072,ES
ES01086,220,37.1464919,-3.6767216,ES
ES01088,220,40.4341272,-3.7424828,ES
ES01089,220,36.7484529,-4.5623143,ES
ES01090,220,42.5035372,-6.3543305,ES
ES01091,220,42.5418164,-6.4243126,ES
ES01092,400,37.3456439,-7.7668121,PT
ES01093,220,37.1442194,-2.7018004,ES
ES01094,400,42.2084078,2.9401442,ES
ES01095,220,37.2051837,-6.9273839,ES
ES01096,220,40.513316,-3.5909085,ES
ES01097,220,43.2429712,-2.9331914,ES
ES01100,400,43.2346913,-2.2506381,ES
ES01101,220,40.7921274,-0.9697848,ES
ES01102,220,42.0042456,-0.686178,ES
ES01103,220,40.2870661,-3.8231187,ES
ES01104,220,40.4273619,-3.8107435,ES
ES01105,220,40.3757847,-3.5959612,ES
ES01106,220,40.3910558,-3.5885524,ES
ES01107,220,40.3407082,-3.8832889,ES
ES01108,400,38.1814588,-1.0017106,ES
ES01109,220,38.5965782,-0.1563536,ES
ES01110,220,43.039119,-2.2231942,ES
ES01111,400,43.323556,-3.4619984,ES
ES01112,220,38.4387787,-0.7824655,ES
ES01113,220,41.4244741,2.2220415,ES
ES01114,220,41.4794293,2.1036785,ES
ES01115,220,36.2975668,-5.9888858,ES
ES01116,400,43.3648698,-6.0507613,ES
ES01117,220,39.9305883,-4.905847,ES
ES01118,220,40.3527983,-2.6060867,ES
ES01119,220,42.702388,-8.3405072,ES
ES01120,220,40.3863057,-3.7172942,ES
ES01121,132,40.3893449,-3.6980434,ES
ES01122,220,40.3893449,-3.6980434,ES
ES01123,220,42.3591992,-7.9432802,ES
ES01124,220,37.9651288,-1.1353017,ES
ES01125,320,42.4452946,2.863325,ES
ES01126,320,42.5212423,2.8602711,FR
ES01127,220,42.4170549,-6.8305903,ES
ES01128,220,36.9250401,-4.8748775,ES
ES01129,220,41.9341801,-0.582993,ES
ES01130,220,41.9669428,-0.624443,ES
ES01131,220,42.1952814,-3.6874047,ES
ES01132,220,42.2762465,-3.6029913,ES
ES01133,220,42.0822445,-0.718004,ES
ES01134,220,37.1544433,-4.8936454,ES
ES01135,220,42.3594779,-3.5928243,ES
ES01136,400,41.9736029,-0.9134303,ES
ES01137,220,42.3788002,-7.6309779,ES
ES01140,220,37.0857551,-4.9357367,ES
ES01141,220,41.9891689,-2.3733325,ES
ES01142,400,37.5246465,-7.5025019,ES
ES01143,220,41.5601674,-0.7750887,ES
ES01144,220,37.7563141,-0.9960002,ES
ES01145,220,37.7969464,-0.9581032,ES
ES01146,400,41.4458099,-5.3605088,ES
ES01147,220,42.1786077,-5.6852116,ES
ES01148,400,38.8725052,-3.3614991,ES
ES01149,400,38.8391137,-3.3871516,ES
ES01150,220,38.6420502,-4.1594034,ES
ES01151,400,38.6420502,-4.1594034,ES
ES01152,220,37.1961532,-3.5741632,ES
ES01153,220,38.8053784,-7.0562548,ES
ES01154,220,39.2248201,-5.359209,ES
ES01155,220,39.2391156,-5.3189734,ES
ES01156,220,41.6260669,-1.0175592,ES
ES01157,220,42.49886,-8.30222,ES
ES01158,220,42.7332741,-3.6494996,ES
ES01159,220,41.6046001,-1.0339182,ES
ES01160,220,42.2082718,-1.6702652,ES
ES01161,400,40.8602903,-0.2307777,ES
ES01162,220,40.5361802,-3.5960403,ES
ES01163,400,38.1957506,-7.1085102,ES
ES01164,400,37.9607895,-1.3783738,ES
ES01165,400,38.5210652,-1.3339522,ES
ES01166,220,36.8351811,-2.9203646,ES
ES01167,220,40.3563961,-3.6454748,ES
ES01168,400,41.9497066,2.6708637,ES
ES01169,220,38.9830216,-0.1859733,ES
ES01170,220,40.049642,-5.9556525,ES
ES01171,220,37.3046235,-6.8648189,ES
ES01172,220,42.0283751,-2.0148245,ES
ES01173,220,39.2486706,-5.2952921,ES
ES01174,220,37.95553,-0.7449541,ES
ES01175,220,37.8234116,-5.0472227,ES
ES01176,220,43.095962,-4.0006301,ES
ES01177,220,43.5733402,-5.9237102,ES
ES01178,220,38.6259611,-3.9764178,ES
ES01179,220,41.146529,-0.9957507,ES
ES01180,220,37.3071171,-7.2069076,ES
ES01181,220,39.2245034,-5.4084492,ES
ES01182,220,39.1997229,-5.5827069,ES
ES01183,220,37.4958156,-6.1011673,ES
ES01184,220,41.0831461,-1.0117936,ES
ES01185,220,42.16631,-8.5983306,ES
ES01186,220,40.4467209,-3.8233169,ES
ES01187,220,40.4473367,-3.8564192,ES
ES01188,400,42.1766182,-5.2956479,ES
ES01189,400,42.2103463,-5.3501354,ES
ES01190,220,41.6045748,-5.0206286,ES
ES01191,220,41.2827085,-0.8825326,ES
ES01192,220,41.2217612,-1.0371834,ES
ES01193,220,36.8396707,-2.4315445,ES
ES01194,220,37.3783529,-5.8697677,ES
ES01195,220,37.3903261,-5.9311822,ES
ES01196,400,39.6498746,-7.5117597,ES
ES01197,400,39.628385,-7.4648532,ES
ES01198,220,41.1232833,-0.9955678,ES
ES01199,220,41.1004277,-0.9057428,ES
ES01200,220,41.71347,-5.0891582,ES
ES01201,400,41.231698,-0.2640433,ES
ES01202,220,39.9642978,-4.7876322,ES
ES01203,220,43.3923703,-3.5238068,ES
ES01204,220,42.542724,0.1968701,ES
ES01205,220,41.9234376,0.1933692,ES
ES01206,220,43.1647714,-2.4858377,ES
ES01207,220,43.1535847,-2.4525111,ES
ES01208,220,39.8299297,-6.7451152,ES
ES01209,400,39.9136606,-5.4063408,ES
ES01210,400,38.2378527,-6.5899135,ES
ES01211,220,39.2599276,-5.4270332,ES
ES01212,220,38.7834874,-6.554482,ES
ES01213,220,40.4885436,-3.5394014,ES
ES01214,220,36.9491011,-5.0576908,ES
ES01215,220,42.5667107,-1.6601791,ES
ES01216,220,42.5668155,-1.6605551,ES
ES01217,220,39.9496095,-2.5371052,ES
ES01218,400,40.6123171,-6.5603123,ES
ES01219,220,40.9801189,-1.0084255,ES
ES01220,220,38.9957364,-3.4806927,ES
ES01221,220,39.3467221,-3.2994928,ES
ES01222,220,42.8871011,-8.5051601,ES
ES01223,400,39.5651486,-5.6673627,ES
ES01225,400,38.4218167,-6.2234982,ES
ES01226,400,38.2865684,-6.1604308,ES
ES01227,220,42.0282367,-0.9293747,ES
ES01228,220,42.3579512,-7.6358152,ES
ES01229,220,42.178792,-4.1813437,ES
ES01230,220,42.1985983,-4.2664528,ES
ES01231,220,42.2247879,-4.1650886,ES
ES01232,220,42.8524961,-3.6375253,ES
ES01233,220,40.2221107,-3.7651524,ES
ES01234,220,40.4627209,-3.796365,ES
ES01235,220,41.5876209,2.3197982,ES
ES01236,220,40.7643035,-0.7606101,ES
ES01237,220,41.0858913,-0.729319,ES
ES01238,220,41.3431795,-0.9301529,ES
ES01239,220,41.2583219,-1.0201394,ES
ES01240,220,40.2741067,-3.75534,ES
ES01243,220,43.1959864,-2.6872827,ES
ES01244,220,41.6575002,-1.3503474,ES
ES01245,220,42.0117827,-4.1984828,ES
ES01246,220,42.9329695,-9.1183779,ES
ES01247,220,39.5231079,-6.4403688,ES
ES01248,220,39.4596329,-6.5504262,ES
ES01249,220,38.74901,-6.4333541,ES
ES01250,220,39.4906736,-6.3880281,ES
ES01251,220,39.4645608,-6.3165277,ES
ES01252,220,39.4530226,-6.2522228,ES
ES01253,220,38.743685,-7.1379241,ES
ES01254,220,40.2992877,-3.802839,ES
ES01255,220,42.4315053,-6.3979929,ES
ES01256,220,40.4415661,-3.482949,ES
ES01257,220,37.5661351,-6.072843,ES
ES01258,400,42.06238536,2.882284422,ES
ES01259,400,38.740706,-4.73629,ES
